game_id,game_date,utc_start_time,_loaded_at_utc
0022500885,2026-03-03T00:00:00,2026-03-04 00:00:00.000000 UTC,2026-03-04 10:00:13.105606 UTC
0022500884,2026-03-03T00:00:00,2026-03-04 00:00:00.000000 UTC,2026-03-04 10:00:13.105606 UTC
0022500883,2026-03-03T00:00:00,2026-03-04 00:00:00.000000 UTC,2026-03-04 10:00:13.105606 UTC
0022500886,2026-03-03T00:00:00,2026-03-04 00:30:00.000000 UTC,2026-03-04 10:00:13.105606 UTC
0022500887,2026-03-03T00:00:00,2026-03-04 00:30:00.000000 UTC,2026-03-04 10:00:13.105606 UTC
0022500888,2026-03-03T00:00:00,2026-03-04 01:00:00.000000 UTC,2026-03-04 10:00:13.105606 UTC
0022500889,2026-03-03T00:00:00,2026-03-04 01:00:00.000000 UTC,2026-03-04 10:00:13.105606 UTC
0022500890,2026-03-03T00:00:00,2026-03-04 01:00:00.000000 UTC,2026-03-04 10:00:13.105606 UTC
0022500891,2026-03-03T00:00:00,2026-03-04 03:30:00.000000 UTC,2026-03-04 10:00:13.105606 UTC
0022500892,2026-03-03T00:00:00,2026-03-04 04:00:00.000000 UTC,2026-03-04 10:00:13.105606 UTC
0012500008,2025-10-02T00:00:00,2025-10-02 16:00:00.000000 UTC,2026-01-21 14:58:27.781105 UTC
0012500009,2025-10-03T00:00:00,2025-10-03 09:30:00.000000 UTC,2026-01-21 14:58:27.781105 UTC
0012500001,2025-10-03T00:00:00,2025-10-04 02:00:00.000000 UTC,2026-01-21 14:58:27.781105 UTC
0012500010,2025-10-04T00:00:00,2025-10-04 15:00:00.000000 UTC,2026-01-21 14:58:27.781105 UTC
0012500027,2025-10-04T00:00:00,2025-10-05 00:00:00.000000 UTC,2026-01-21 14:58:27.781105 UTC
0012500026,2025-10-04T00:00:00,2025-10-05 00:00:00.000000 UTC,2026-01-21 14:58:27.781105 UTC
0012500028,2025-10-04T00:00:00,2025-10-05 01:00:00.000000 UTC,2026-01-21 14:58:27.781105 UTC
0012500011,2025-10-04T00:00:00,2025-10-05 03:00:00.000000 UTC,2026-01-21 14:58:27.781105 UTC
0012500029,2025-10-05T00:00:00,2025-10-05 21:00:00.000000 UTC,2026-01-21 14:58:27.781105 UTC
0012500030,2025-10-05T00:00:00,2025-10-06 00:30:00.000000 UTC,2026-01-21 14:58:27.781105 UTC
0012500002,2025-10-06T00:00:00,2025-10-06 23:30:00.000000 UTC,2026-01-21 14:58:27.781105 UTC
0012500032,2025-10-06T00:00:00,2025-10-07 00:00:00.000000 UTC,2026-01-21 14:58:27.781105 UTC
0012500014,2025-10-06T00:00:00,2025-10-07 00:00:00.000000 UTC,2026-01-21 14:58:27.781105 UTC
0012500031,2025-10-06T00:00:00,2025-10-07 00:00:00.000000 UTC,2026-01-21 14:58:27.781105 UTC
0012500033,2025-10-06T00:00:00,2025-10-07 00:30:00.000000 UTC,2026-01-21 14:58:27.781105 UTC
0012500034,2025-10-06T00:00:00,2025-10-07 02:00:00.000000 UTC,2026-01-21 14:58:27.781105 UTC
0012500035,2025-10-07T00:00:00,2025-10-07 23:00:00.000000 UTC,2026-01-21 14:58:27.781105 UTC
0012500036,2025-10-07T00:00:00,2025-10-08 00:00:00.000000 UTC,2026-01-21 14:58:27.781105 UTC
0012500003,2025-10-08T00:00:00,2025-10-08 23:30:00.000000 UTC,2026-01-21 14:58:27.781105 UTC
0012500037,2025-10-08T00:00:00,2025-10-09 00:00:00.000000 UTC,2026-01-21 14:58:27.781105 UTC
0012500038,2025-10-08T00:00:00,2025-10-09 00:00:00.000000 UTC,2026-01-21 14:58:27.781105 UTC
0012500016,2025-10-08T00:00:00,2025-10-09 02:00:00.000000 UTC,2026-01-21 14:58:27.781105 UTC
0012500015,2025-10-08T00:00:00,2025-10-09 02:00:00.000000 UTC,2026-01-21 14:58:27.781105 UTC
0012500039,2025-10-09T00:00:00,2025-10-09 23:30:00.000000 UTC,2026-01-21 14:58:27.781105 UTC
0012500040,2025-10-09T00:00:00,2025-10-10 00:00:00.000000 UTC,2026-01-21 14:58:27.781105 UTC
0012500041,2025-10-09T00:00:00,2025-10-10 00:00:00.000000 UTC,2026-01-21 14:58:27.781105 UTC
0012500042,2025-10-09T00:00:00,2025-10-10 00:00:00.000000 UTC,2026-01-21 14:58:27.781105 UTC
0012500043,2025-10-09T00:00:00,2025-10-10 02:30:00.000000 UTC,2026-01-21 14:58:27.781105 UTC
0012500012,2025-10-10T00:00:00,2025-10-10 12:00:00.000000 UTC,2026-01-21 14:58:27.781105 UTC
0012500070,2025-10-10T00:00:00,2025-10-10 23:00:00.000000 UTC,2026-01-21 14:58:27.781105 UTC
0012500044,2025-10-10T00:00:00,2025-10-10 23:00:00.000000 UTC,2026-01-21 14:58:27.781105 UTC
0012500045,2025-10-10T00:00:00,2025-10-11 00:00:00.000000 UTC,2026-01-21 14:58:27.781105 UTC
0012500017,2025-10-10T00:00:00,2025-10-11 02:00:00.000000 UTC,2026-01-21 14:58:27.781105 UTC
0012500046,2025-10-11T00:00:00,2025-10-11 23:00:00.000000 UTC,2026-01-21 14:58:27.781105 UTC
0012500018,2025-10-11T00:00:00,2025-10-12 00:00:00.000000 UTC,2026-01-21 14:58:27.781105 UTC
0012500047,2025-10-11T00:00:00,2025-10-12 00:30:00.000000 UTC,2026-01-21 14:58:27.781105 UTC
0012500013,2025-10-12T00:00:00,2025-10-12 11:00:00.000000 UTC,2026-01-21 14:58:27.781105 UTC
0012500048,2025-10-12T00:00:00,2025-10-12 19:00:00.000000 UTC,2026-01-21 14:58:27.781105 UTC
0012500049,2025-10-12T00:00:00,2025-10-12 22:00:00.000000 UTC,2026-01-21 14:58:27.781105 UTC
0012500051,2025-10-12T00:00:00,2025-10-12 23:00:00.000000 UTC,2026-01-21 14:58:27.781105 UTC
0012500050,2025-10-12T00:00:00,2025-10-12 23:00:00.000000 UTC,2026-01-21 14:58:27.781105 UTC
0012500004,2025-10-12T00:00:00,2025-10-13 01:30:00.000000 UTC,2026-01-21 14:58:27.781105 UTC
0012500052,2025-10-12T00:00:00,2025-10-13 01:30:00.000000 UTC,2026-01-21 14:58:27.781105 UTC
0012500019,2025-10-13T00:00:00,2025-10-13 22:00:00.000000 UTC,2026-01-21 14:58:27.781105 UTC
0012500053,2025-10-13T00:00:00,2025-10-13 23:00:00.000000 UTC,2026-01-21 14:58:27.781105 UTC
0012500054,2025-10-13T00:00:00,2025-10-13 23:30:00.000000 UTC,2026-01-21 14:58:27.781105 UTC
0012500055,2025-10-13T00:00:00,2025-10-14 00:00:00.000000 UTC,2026-01-21 14:58:27.781105 UTC
0012500056,2025-10-13T00:00:00,2025-10-14 01:00:00.000000 UTC,2026-01-21 14:58:27.781105 UTC
0012500057,2025-10-14T00:00:00,2025-10-14 23:00:00.000000 UTC,2026-01-21 14:58:27.781105 UTC
0012500020,2025-10-14T00:00:00,2025-10-15 00:00:00.000000 UTC,2026-01-21 14:58:27.781105 UTC
0012500058,2025-10-14T00:00:00,2025-10-15 00:00:00.000000 UTC,2026-01-21 14:58:27.781105 UTC
0012500059,2025-10-14T00:00:00,2025-10-15 01:00:00.000000 UTC,2026-01-21 14:58:27.781105 UTC
0012500060,2025-10-14T00:00:00,2025-10-15 02:00:00.000000 UTC,2026-01-21 14:58:27.781105 UTC
0012500021,2025-10-14T00:00:00,2025-10-15 02:00:00.000000 UTC,2026-01-21 14:58:27.781105 UTC
0012500061,2025-10-15T00:00:00,2025-10-15 23:00:00.000000 UTC,2026-01-21 14:58:27.781105 UTC
0012500062,2025-10-15T00:00:00,2025-10-15 23:30:00.000000 UTC,2026-01-21 14:58:27.781105 UTC
0012500022,2025-10-15T00:00:00,2025-10-16 02:00:00.000000 UTC,2026-01-21 14:58:27.781105 UTC
0012500005,2025-10-15T00:00:00,2025-10-16 02:30:00.000000 UTC,2026-01-21 14:58:27.781105 UTC
0012500063,2025-10-16T00:00:00,2025-10-16 23:00:00.000000 UTC,2026-01-21 14:58:27.781105 UTC
0012500023,2025-10-16T00:00:00,2025-10-16 23:00:00.000000 UTC,2026-01-21 14:58:27.781105 UTC
0012500024,2025-10-16T00:00:00,2025-10-16 23:30:00.000000 UTC,2026-01-21 14:58:27.781105 UTC
0012500064,2025-10-16T00:00:00,2025-10-17 00:00:00.000000 UTC,2026-01-21 14:58:27.781105 UTC
0012500025,2025-10-16T00:00:00,2025-10-17 01:00:00.000000 UTC,2026-01-21 14:58:27.781105 UTC
0012500071,2025-10-17T00:00:00,2025-10-17 23:00:00.000000 UTC,2026-01-21 14:58:27.781105 UTC
0012500065,2025-10-17T00:00:00,2025-10-17 23:00:00.000000 UTC,2026-01-21 14:58:27.781105 UTC
0012500066,2025-10-17T00:00:00,2025-10-17 23:30:00.000000 UTC,2026-01-21 14:58:27.781105 UTC
0012500068,2025-10-17T00:00:00,2025-10-18 00:00:00.000000 UTC,2026-01-21 14:58:27.781105 UTC
0012500006,2025-10-17T00:00:00,2025-10-18 00:00:00.000000 UTC,2026-01-21 14:58:27.781105 UTC
0012500067,2025-10-17T00:00:00,2025-10-18 00:00:00.000000 UTC,2026-01-21 14:58:27.781105 UTC
0012500069,2025-10-17T00:00:00,2025-10-18 02:00:00.000000 UTC,2026-01-21 14:58:27.781105 UTC
0012500007,2025-10-17T00:00:00,2025-10-18 02:30:00.000000 UTC,2026-01-21 14:58:27.781105 UTC
0022500001,2025-10-21T00:00:00,2025-10-21 23:30:00.000000 UTC,2026-01-21 14:58:27.781105 UTC
0022500002,2025-10-21T00:00:00,2025-10-22 02:00:00.000000 UTC,2026-01-21 14:58:27.781105 UTC
0022500003,2025-10-22T00:00:00,2025-10-22 23:00:00.000000 UTC,2026-01-21 14:58:27.781105 UTC
0022500080,2025-10-22T00:00:00,2025-10-22 23:00:00.000000 UTC,2026-01-21 14:58:27.781105 UTC
0022500081,2025-10-22T00:00:00,2025-10-22 23:00:00.000000 UTC,2026-01-21 14:58:27.781105 UTC
0022500082,2025-10-22T00:00:00,2025-10-22 23:30:00.000000 UTC,2026-01-21 14:58:27.781105 UTC
0022500083,2025-10-22T00:00:00,2025-10-22 23:30:00.000000 UTC,2026-01-21 14:58:27.781105 UTC
0022500086,2025-10-22T00:00:00,2025-10-23 00:00:00.000000 UTC,2026-01-21 14:58:27.781105 UTC
0022500084,2025-10-22T00:00:00,2025-10-23 00:00:00.000000 UTC,2026-01-21 14:58:27.781105 UTC
0022500085,2025-10-22T00:00:00,2025-10-23 00:00:00.000000 UTC,2026-01-21 14:58:27.781105 UTC
0022500087,2025-10-22T00:00:00,2025-10-23 01:00:00.000000 UTC,2026-01-21 14:58:27.781105 UTC
0022500004,2025-10-22T00:00:00,2025-10-23 01:30:00.000000 UTC,2026-01-21 14:58:27.781105 UTC
0022500089,2025-10-22T00:00:00,2025-10-23 02:00:00.000000 UTC,2026-01-21 14:58:27.781105 UTC
0022500088,2025-10-22T00:00:00,2025-10-23 02:00:00.000000 UTC,2026-01-21 14:58:27.781105 UTC
0022500005,2025-10-23T00:00:00,2025-10-23 23:30:00.000000 UTC,2026-01-21 14:58:27.781105 UTC
0022500006,2025-10-23T00:00:00,2025-10-24 02:00:00.000000 UTC,2026-01-21 14:58:27.781105 UTC
0022500092,2025-10-24T00:00:00,2025-10-24 22:30:00.000000 UTC,2026-01-21 14:58:27.781105 UTC
0022500090,2025-10-24T00:00:00,2025-10-24 23:00:00.000000 UTC,2026-01-21 14:58:27.781105 UTC
0022500091,2025-10-24T00:00:00,2025-10-24 23:30:00.000000 UTC,2026-01-21 14:58:27.781105 UTC
0022500018,2025-10-24T00:00:00,2025-10-24 23:30:00.000000 UTC,2026-01-21 14:58:27.781105 UTC
0022500094,2025-10-24T00:00:00,2025-10-25 00:00:00.000000 UTC,2026-01-21 14:58:27.781105 UTC
0022500093,2025-10-24T00:00:00,2025-10-25 00:00:00.000000 UTC,2026-01-21 14:58:27.781105 UTC
0022500095,2025-10-24T00:00:00,2025-10-25 00:00:00.000000 UTC,2026-01-21 14:58:27.781105 UTC
0022500096,2025-10-24T00:00:00,2025-10-25 00:30:00.000000 UTC,2026-01-21 14:58:27.781105 UTC
0022500019,2025-10-24T00:00:00,2025-10-25 02:00:00.000000 UTC,2026-01-21 14:58:27.781105 UTC
0022500098,2025-10-24T00:00:00,2025-10-25 02:00:00.000000 UTC,2026-01-21 14:58:27.781105 UTC
0022500097,2025-10-24T00:00:00,2025-10-25 02:00:00.000000 UTC,2026-01-21 14:58:27.781105 UTC
0022500099,2025-10-24T00:00:00,2025-10-25 02:30:00.000000 UTC,2026-01-21 14:58:27.781105 UTC
0022500100,2025-10-25T00:00:00,2025-10-25 23:00:00.000000 UTC,2026-01-21 14:58:27.781105 UTC
0022500101,2025-10-25T00:00:00,2025-10-25 23:30:00.000000 UTC,2026-01-21 14:58:27.781105 UTC
0022500102,2025-10-25T00:00:00,2025-10-25 23:30:00.000000 UTC,2026-01-21 14:58:27.781105 UTC
0022500103,2025-10-25T00:00:00,2025-10-26 00:00:00.000000 UTC,2026-01-21 14:58:27.781105 UTC
0022500104,2025-10-25T00:00:00,2025-10-26 01:00:00.000000 UTC,2026-01-21 14:58:27.781105 UTC
0022500105,2025-10-26T00:00:00,2025-10-26 18:00:00.000000 UTC,2026-01-21 14:58:27.781105 UTC
0022500106,2025-10-26T00:00:00,2025-10-26 19:30:00.000000 UTC,2026-01-21 14:58:27.781105 UTC
0022500109,2025-10-26T00:00:00,2025-10-26 22:00:00.000000 UTC,2026-01-21 14:58:27.781105 UTC
0022500107,2025-10-26T00:00:00,2025-10-26 22:00:00.000000 UTC,2026-01-21 14:58:27.781105 UTC
0022500108,2025-10-26T00:00:00,2025-10-26 22:00:00.000000 UTC,2026-01-21 14:58:27.781105 UTC
0022500110,2025-10-26T00:00:00,2025-10-26 23:00:00.000000 UTC,2026-01-21 14:58:27.781105 UTC
0022500111,2025-10-26T00:00:00,2025-10-26 23:30:00.000000 UTC,2026-01-21 14:58:27.781105 UTC
0022500113,2025-10-26T00:00:00,2025-10-27 01:00:00.000000 UTC,2026-01-21 14:58:27.781105 UTC
0022500112,2025-10-26T00:00:00,2025-10-27 01:00:00.000000 UTC,2026-01-21 14:58:27.781105 UTC
0022500114,2025-10-27T00:00:00,2025-10-27 23:00:00.000000 UTC,2026-01-21 14:58:27.781105 UTC
0022500007,2025-10-27T00:00:00,2025-10-27 23:00:00.000000 UTC,2026-01-21 14:58:27.781105 UTC
0022500115,2025-10-27T00:00:00,2025-10-28 00:00:00.000000 UTC,2026-01-21 14:58:27.781105 UTC
0022500116,2025-10-27T00:00:00,2025-10-28 00:00:00.000000 UTC,2026-01-21 14:58:27.781105 UTC
0022500118,2025-10-27T00:00:00,2025-10-28 00:00:00.000000 UTC,2026-01-21 14:58:27.781105 UTC
0022500117,2025-10-27T00:00:00,2025-10-28 00:00:00.000000 UTC,2026-01-21 14:58:27.781105 UTC
0022500119,2025-10-27T00:00:00,2025-10-28 00:30:00.000000 UTC,2026-01-21 14:58:27.781105 UTC
0022500120,2025-10-27T00:00:00,2025-10-28 01:00:00.000000 UTC,2026-01-21 14:58:27.781105 UTC
0022500008,2025-10-27T00:00:00,2025-10-28 01:30:00.000000 UTC,2026-01-21 14:58:27.781105 UTC
0022500121,2025-10-27T00:00:00,2025-10-28 02:00:00.000000 UTC,2026-01-21 14:58:27.781105 UTC
0022500122,2025-10-27T00:00:00,2025-10-28 02:30:00.000000 UTC,2026-01-21 14:58:27.781105 UTC
0022500123,2025-10-28T00:00:00,2025-10-28 23:00:00.000000 UTC,2026-01-21 14:58:27.781105 UTC
0022500124,2025-10-28T00:00:00,2025-10-28 23:30:00.000000 UTC,2026-01-21 14:58:27.781105 UTC
0022500125,2025-10-28T00:00:00,2025-10-29 00:00:00.000000 UTC,2026-01-21 14:58:27.781105 UTC
0022500126,2025-10-28T00:00:00,2025-10-29 00:00:00.000000 UTC,2026-01-21 14:58:27.781105 UTC
0022500127,2025-10-28T00:00:00,2025-10-29 03:00:00.000000 UTC,2026-01-21 14:58:27.781105 UTC
0022500131,2025-10-29T00:00:00,2025-10-29 22:30:00.000000 UTC,2026-01-21 14:58:27.781105 UTC
0022500129,2025-10-29T00:00:00,2025-10-29 23:00:00.000000 UTC,2026-01-21 14:58:27.781105 UTC
0022500128,2025-10-29T00:00:00,2025-10-29 23:00:00.000000 UTC,2026-01-21 14:58:27.781105 UTC
0022500130,2025-10-29T00:00:00,2025-10-29 23:30:00.000000 UTC,2026-01-21 14:58:27.781105 UTC
0022500132,2025-10-29T00:00:00,2025-10-30 00:00:00.000000 UTC,2026-01-21 14:58:27.781105 UTC
0022500133,2025-10-29T00:00:00,2025-10-30 00:30:00.000000 UTC,2026-01-21 14:58:27.781105 UTC
0022500135,2025-10-29T00:00:00,2025-10-30 01:00:00.000000 UTC,2026-01-21 14:58:27.781105 UTC
0022500134,2025-10-29T00:00:00,2025-10-30 01:00:00.000000 UTC,2026-01-21 14:58:27.781105 UTC
0022500136,2025-10-29T00:00:00,2025-10-30 01:30:00.000000 UTC,2026-01-21 14:58:27.781105 UTC
0022500137,2025-10-29T00:00:00,2025-10-30 02:00:00.000000 UTC,2026-01-21 14:58:27.781105 UTC
0022500138,2025-10-30T00:00:00,2025-10-30 23:00:00.000000 UTC,2026-01-21 14:58:27.781105 UTC
0022500140,2025-10-30T00:00:00,2025-10-31 00:00:00.000000 UTC,2026-01-21 14:58:27.781105 UTC
0022500139,2025-10-30T00:00:00,2025-10-31 00:00:00.000000 UTC,2026-01-21 14:58:27.781105 UTC
0022500141,2025-10-30T00:00:00,2025-10-31 00:30:00.000000 UTC,2026-01-21 14:58:27.781105 UTC
0022500020,2025-10-31T00:00:00,2025-10-31 23:00:00.000000 UTC,2026-01-21 14:58:27.781105 UTC
0022500021,2025-10-31T00:00:00,2025-10-31 23:00:00.000000 UTC,2026-01-21 14:58:27.781105 UTC
0022500022,2025-10-31T00:00:00,2025-10-31 23:30:00.000000 UTC,2026-01-21 14:58:27.781105 UTC
0022500023,2025-10-31T00:00:00,2025-11-01 00:00:00.000000 UTC,2026-01-21 14:58:27.781105 UTC
0022500024,2025-10-31T00:00:00,2025-11-01 01:30:00.000000 UTC,2026-01-21 14:58:27.781105 UTC
0022500026,2025-10-31T00:00:00,2025-11-01 02:00:00.000000 UTC,2026-01-21 14:58:27.781105 UTC
0022500025,2025-10-31T00:00:00,2025-11-01 02:00:00.000000 UTC,2026-01-21 14:58:27.781105 UTC
0022500027,2025-10-31T00:00:00,2025-11-01 02:30:00.000000 UTC,2026-01-21 14:58:27.781105 UTC
0022500142,2025-11-01T00:00:00,2025-11-01 21:00:00.000000 UTC,2026-01-21 14:58:27.781105 UTC
0022500143,2025-11-01T00:00:00,2025-11-01 22:00:00.000000 UTC,2026-01-21 14:58:27.781105 UTC
0022500144,2025-11-01T00:00:00,2025-11-01 23:00:00.000000 UTC,2026-01-21 14:58:27.781105 UTC
0022500145,2025-11-01T00:00:00,2025-11-01 23:00:00.000000 UTC,2026-01-21 14:58:27.781105 UTC
0022500146,2025-11-01T00:00:00,2025-11-02 00:00:00.000000 UTC,2026-01-21 14:58:27.781105 UTC
0022500147,2025-11-01T00:00:00,2025-11-02 02:00:00.000000 UTC,2026-01-21 14:58:27.781105 UTC
0022500148,2025-11-02T00:00:00,2025-11-02 20:30:00.000000 UTC,2026-01-21 14:58:27.781105 UTC
0022500149,2025-11-02T00:00:00,2025-11-02 23:00:00.000000 UTC,2026-01-21 14:58:27.781105 UTC
0022500152,2025-11-02T00:00:00,2025-11-02 23:00:00.000000 UTC,2026-01-21 14:58:27.781105 UTC
0022500150,2025-11-02T00:00:00,2025-11-02 23:00:00.000000 UTC,2026-01-21 14:58:27.781105 UTC
0022500151,2025-11-02T00:00:00,2025-11-02 23:00:00.000000 UTC,2026-01-21 14:58:27.781105 UTC
0022500153,2025-11-02T00:00:00,2025-11-03 00:00:00.000000 UTC,2026-01-21 14:58:27.781105 UTC
0022500154,2025-11-02T00:00:00,2025-11-03 01:00:00.000000 UTC,2026-01-21 14:58:27.781105 UTC
0022500155,2025-11-02T00:00:00,2025-11-03 02:30:00.000000 UTC,2026-01-21 14:58:27.781105 UTC
0022500157,2025-11-03T00:00:00,2025-11-04 00:00:00.000000 UTC,2026-01-21 14:58:27.781105 UTC
0022500156,2025-11-03T00:00:00,2025-11-04 00:00:00.000000 UTC,2026-01-21 14:58:27.781105 UTC
0022500159,2025-11-03T00:00:00,2025-11-04 00:30:00.000000 UTC,2026-01-21 14:58:27.781105 UTC
0022500158,2025-11-03T00:00:00,2025-11-04 00:30:00.000000 UTC,2026-01-21 14:58:27.781105 UTC
0022500161,2025-11-03T00:00:00,2025-11-04 01:00:00.000000 UTC,2026-01-21 14:58:27.781105 UTC
0022500160,2025-11-03T00:00:00,2025-11-04 01:00:00.000000 UTC,2026-01-21 14:58:27.781105 UTC
0022500162,2025-11-03T00:00:00,2025-11-04 02:00:00.000000 UTC,2026-01-21 14:58:27.781105 UTC
0022500163,2025-11-03T00:00:00,2025-11-04 03:00:00.000000 UTC,2026-01-21 14:58:27.781105 UTC
0022500164,2025-11-03T00:00:00,2025-11-04 03:30:00.000000 UTC,2026-01-21 14:58:27.781105 UTC
0022500165,2025-11-04T00:00:00,2025-11-05 00:30:00.000000 UTC,2026-01-21 14:58:27.781105 UTC
0022500167,2025-11-04T00:00:00,2025-11-05 01:00:00.000000 UTC,2026-01-21 14:58:27.781105 UTC
0022500168,2025-11-04T00:00:00,2025-11-05 01:00:00.000000 UTC,2026-01-21 14:58:27.781105 UTC
0022500166,2025-11-04T00:00:00,2025-11-05 01:00:00.000000 UTC,2026-01-21 14:58:27.781105 UTC
0022500169,2025-11-04T00:00:00,2025-11-05 03:00:00.000000 UTC,2026-01-21 14:58:27.781105 UTC
0022500170,2025-11-04T00:00:00,2025-11-05 04:00:00.000000 UTC,2026-01-21 14:58:27.781105 UTC
0022500173,2025-11-05T00:00:00,2025-11-06 00:00:00.000000 UTC,2026-01-21 14:58:27.781105 UTC
0022500171,2025-11-05T00:00:00,2025-11-06 00:00:00.000000 UTC,2026-01-21 14:58:27.781105 UTC
0022500172,2025-11-05T00:00:00,2025-11-06 00:00:00.000000 UTC,2026-01-21 14:58:27.781105 UTC
0022500175,2025-11-05T00:00:00,2025-11-06 00:30:00.000000 UTC,2026-01-21 14:58:27.781105 UTC
0022500174,2025-11-05T00:00:00,2025-11-06 00:30:00.000000 UTC,2026-01-21 14:58:27.781105 UTC
0022500176,2025-11-05T00:00:00,2025-11-06 01:00:00.000000 UTC,2026-01-21 14:58:27.781105 UTC
0022500177,2025-11-05T00:00:00,2025-11-06 01:30:00.000000 UTC,2026-01-21 14:58:27.781105 UTC
0022500178,2025-11-05T00:00:00,2025-11-06 02:00:00.000000 UTC,2026-01-21 14:58:27.781105 UTC
0022500179,2025-11-05T00:00:00,2025-11-06 03:00:00.000000 UTC,2026-01-21 14:58:27.781105 UTC
0022500181,2025-11-05T00:00:00,2025-11-06 03:00:00.000000 UTC,2026-01-21 14:58:27.781105 UTC
0022500180,2025-11-05T00:00:00,2025-11-06 03:00:00.000000 UTC,2026-01-21 14:58:27.781105 UTC
0022500182,2025-11-06T00:00:00,2025-11-07 02:00:00.000000 UTC,2026-01-21 14:58:27.781105 UTC
0022500029,2025-11-07T00:00:00,2025-11-08 00:00:00.000000 UTC,2026-01-21 14:58:27.781105 UTC
0022500028,2025-11-07T00:00:00,2025-11-08 00:00:00.000000 UTC,2026-01-21 14:58:27.781105 UTC
0022500030,2025-11-07T00:00:00,2025-11-08 00:30:00.000000 UTC,2026-01-21 14:58:27.781105 UTC
0022500032,2025-11-07T00:00:00,2025-11-08 00:30:00.000000 UTC,2026-01-21 14:58:27.781105 UTC
0022500031,2025-11-07T00:00:00,2025-11-08 00:30:00.000000 UTC,2026-01-21 14:58:27.781105 UTC
0022500034,2025-11-07T00:00:00,2025-11-08 01:00:00.000000 UTC,2026-01-21 14:58:27.781105 UTC
0022500035,2025-11-07T00:00:00,2025-11-08 01:00:00.000000 UTC,2026-01-21 14:58:27.781105 UTC
0022500033,2025-11-07T00:00:00,2025-11-08 01:00:00.000000 UTC,2026-01-21 14:58:27.781105 UTC
0022500036,2025-11-07T00:00:00,2025-11-08 01:00:00.000000 UTC,2026-01-21 14:58:27.781105 UTC
0022500038,2025-11-07T00:00:00,2025-11-08 03:00:00.000000 UTC,2026-01-21 14:58:27.781105 UTC
0022500037,2025-11-07T00:00:00,2025-11-08 03:00:00.000000 UTC,2026-01-21 14:58:27.781105 UTC
0022500183,2025-11-08T00:00:00,2025-11-09 00:00:00.000000 UTC,2026-01-21 14:58:27.781105 UTC
0022500184,2025-11-08T00:00:00,2025-11-09 00:30:00.000000 UTC,2026-01-21 14:58:27.781105 UTC
0022500188,2025-11-08T00:00:00,2025-11-09 01:00:00.000000 UTC,2026-01-21 14:58:27.781105 UTC
0022500187,2025-11-08T00:00:00,2025-11-09 01:00:00.000000 UTC,2026-01-21 14:58:27.781105 UTC
0022500186,2025-11-08T00:00:00,2025-11-09 01:00:00.000000 UTC,2026-01-21 14:58:27.781105 UTC
0022500185,2025-11-08T00:00:00,2025-11-09 01:00:00.000000 UTC,2026-01-21 14:58:27.781105 UTC
0022500189,2025-11-08T00:00:00,2025-11-09 02:00:00.000000 UTC,2026-01-21 14:58:27.781105 UTC
0022500190,2025-11-08T00:00:00,2025-11-09 03:30:00.000000 UTC,2026-01-21 14:58:27.781105 UTC
0022500191,2025-11-09T00:00:00,2025-11-09 20:30:00.000000 UTC,2026-01-21 14:58:27.781105 UTC
0022500194,2025-11-09T00:00:00,2025-11-09 23:00:00.000000 UTC,2026-01-21 14:58:27.781105 UTC
0022500193,2025-11-09T00:00:00,2025-11-09 23:00:00.000000 UTC,2026-01-21 14:58:27.781105 UTC
0022500192,2025-11-09T00:00:00,2025-11-09 23:00:00.000000 UTC,2026-01-21 14:58:27.781105 UTC
0022500195,2025-11-09T00:00:00,2025-11-10 00:30:00.000000 UTC,2026-01-21 14:58:27.781105 UTC
0022500196,2025-11-09T00:00:00,2025-11-10 01:30:00.000000 UTC,2026-01-21 14:58:27.781105 UTC
0022500197,2025-11-09T00:00:00,2025-11-10 02:00:00.000000 UTC,2026-01-21 14:58:27.781105 UTC
0022500200,2025-11-10T00:00:00,2025-11-11 00:00:00.000000 UTC,2026-01-21 14:58:27.781105 UTC
0022500198,2025-11-10T00:00:00,2025-11-11 00:00:00.000000 UTC,2026-01-21 14:58:27.781105 UTC
0022500199,2025-11-10T00:00:00,2025-11-11 00:00:00.000000 UTC,2026-01-21 14:58:27.781105 UTC
0022500201,2025-11-10T00:00:00,2025-11-11 00:30:00.000000 UTC,2026-01-21 14:58:27.781105 UTC
0022500202,2025-11-10T00:00:00,2025-11-11 01:00:00.000000 UTC,2026-01-21 14:58:27.781105 UTC
0022500203,2025-11-10T00:00:00,2025-11-11 01:30:00.000000 UTC,2026-01-21 14:58:27.781105 UTC
0022500204,2025-11-10T00:00:00,2025-11-11 02:00:00.000000 UTC,2026-01-21 14:58:27.781105 UTC
0022500205,2025-11-10T00:00:00,2025-11-11 02:00:00.000000 UTC,2026-01-21 14:58:27.781105 UTC
0022500206,2025-11-10T00:00:00,2025-11-11 03:30:00.000000 UTC,2026-01-21 14:58:27.781105 UTC
0022500207,2025-11-11T00:00:00,2025-11-12 00:30:00.000000 UTC,2026-01-21 14:58:27.781105 UTC
0022500208,2025-11-11T00:00:00,2025-11-12 00:30:00.000000 UTC,2026-01-21 14:58:27.781105 UTC
0022500210,2025-11-11T00:00:00,2025-11-12 01:00:00.000000 UTC,2026-01-21 14:58:27.781105 UTC
0022500209,2025-11-11T00:00:00,2025-11-12 01:00:00.000000 UTC,2026-01-21 14:58:27.781105 UTC
0022500211,2025-11-11T00:00:00,2025-11-12 02:00:00.000000 UTC,2026-01-21 14:58:27.781105 UTC
0022500212,2025-11-11T00:00:00,2025-11-12 04:00:00.000000 UTC,2026-01-21 14:58:27.781105 UTC
0022500215,2025-11-12T00:00:00,2025-11-13 00:00:00.000000 UTC,2026-01-21 14:58:27.781105 UTC
0022500213,2025-11-12T00:00:00,2025-11-13 00:00:00.000000 UTC,2026-01-21 14:58:27.781105 UTC
0022500214,2025-11-12T00:00:00,2025-11-13 00:00:00.000000 UTC,2026-01-21 14:58:27.781105 UTC
0022500217,2025-11-12T00:00:00,2025-11-13 00:30:00.000000 UTC,2026-01-21 14:58:27.781105 UTC
0022500216,2025-11-12T00:00:00,2025-11-13 00:30:00.000000 UTC,2026-01-21 14:58:27.781105 UTC
0022500219,2025-11-12T00:00:00,2025-11-13 01:00:00.000000 UTC,2026-01-21 14:58:27.781105 UTC
0022500218,2025-11-12T00:00:00,2025-11-13 01:00:00.000000 UTC,2026-01-21 14:58:27.781105 UTC
0022500220,2025-11-12T00:00:00,2025-11-13 01:00:00.000000 UTC,2026-01-21 14:58:27.781105 UTC
0022500221,2025-11-12T00:00:00,2025-11-13 01:30:00.000000 UTC,2026-01-21 14:58:27.781105 UTC
0022500222,2025-11-12T00:00:00,2025-11-13 02:30:00.000000 UTC,2026-01-21 14:58:27.781105 UTC
0022500223,2025-11-12T00:00:00,2025-11-13 03:00:00.000000 UTC,2026-01-21 14:58:27.781105 UTC
0022500224,2025-11-12T00:00:00,2025-11-13 03:30:00.000000 UTC,2026-01-21 14:58:27.781105 UTC
0022500225,2025-11-13T00:00:00,2025-11-14 00:00:00.000000 UTC,2026-01-21 14:58:27.781105 UTC
0022500226,2025-11-13T00:00:00,2025-11-14 02:00:00.000000 UTC,2026-01-21 14:58:27.781105 UTC
0022500227,2025-11-13T00:00:00,2025-11-14 02:00:00.000000 UTC,2026-01-21 14:58:27.781105 UTC
0022500039,2025-11-14T00:00:00,2025-11-15 00:00:00.000000 UTC,2026-01-21 14:58:27.781105 UTC
0022500040,2025-11-14T00:00:00,2025-11-15 00:00:00.000000 UTC,2026-01-21 14:58:27.781105 UTC
0022500041,2025-11-14T00:00:00,2025-11-15 00:30:00.000000 UTC,2026-01-21 14:58:27.781105 UTC
0022500042,2025-11-14T00:00:00,2025-11-15 01:00:00.000000 UTC,2026-01-21 14:58:27.781105 UTC
0022500045,2025-11-14T00:00:00,2025-11-15 01:00:00.000000 UTC,2026-01-21 14:58:27.781105 UTC
0022500044,2025-11-14T00:00:00,2025-11-15 01:00:00.000000 UTC,2026-01-21 14:58:27.781105 UTC
0022500043,2025-11-14T00:00:00,2025-11-15 01:00:00.000000 UTC,2026-01-21 14:58:27.781105 UTC
0022500046,2025-11-14T00:00:00,2025-11-15 01:30:00.000000 UTC,2026-01-21 14:58:27.781105 UTC
0022500047,2025-11-14T00:00:00,2025-11-15 02:30:00.000000 UTC,2026-01-21 14:58:27.781105 UTC
0022500228,2025-11-15T00:00:00,2025-11-15 22:00:00.000000 UTC,2026-01-21 14:58:27.781105 UTC
0022500229,2025-11-15T00:00:00,2025-11-16 00:00:00.000000 UTC,2026-01-21 14:58:27.781105 UTC
0022500230,2025-11-15T00:00:00,2025-11-16 00:00:00.000000 UTC,2026-01-21 14:58:27.781105 UTC
0022500231,2025-11-15T00:00:00,2025-11-16 01:00:00.000000 UTC,2026-01-21 14:58:27.781105 UTC
0022500232,2025-11-15T00:00:00,2025-11-16 01:00:00.000000 UTC,2026-01-21 14:58:27.781105 UTC
0022500233,2025-11-16T00:00:00,2025-11-16 20:30:00.000000 UTC,2026-01-21 14:58:27.781105 UTC
0022500234,2025-11-16T00:00:00,2025-11-16 21:00:00.000000 UTC,2026-01-21 14:58:27.781105 UTC
0022500235,2025-11-16T00:00:00,2025-11-16 23:00:00.000000 UTC,2026-01-21 14:58:27.781105 UTC
0022500236,2025-11-16T00:00:00,2025-11-17 00:00:00.000000 UTC,2026-01-21 14:58:27.781105 UTC
0022500237,2025-11-16T00:00:00,2025-11-17 00:00:00.000000 UTC,2026-01-21 14:58:27.781105 UTC
0022500238,2025-11-16T00:00:00,2025-11-17 00:30:00.000000 UTC,2026-01-21 14:58:27.781105 UTC
0022500240,2025-11-16T00:00:00,2025-11-17 01:00:00.000000 UTC,2026-01-21 14:58:27.781105 UTC
0022500239,2025-11-16T00:00:00,2025-11-17 01:00:00.000000 UTC,2026-01-21 14:58:27.781105 UTC
0022500241,2025-11-17T00:00:00,2025-11-18 00:00:00.000000 UTC,2026-01-21 14:58:27.781105 UTC
0022500242,2025-11-17T00:00:00,2025-11-18 00:00:00.000000 UTC,2026-01-21 14:58:27.781105 UTC
0022500243,2025-11-17T00:00:00,2025-11-18 00:00:00.000000 UTC,2026-01-21 14:58:27.781105 UTC
0022500244,2025-11-17T00:00:00,2025-11-18 00:30:00.000000 UTC,2026-01-21 14:58:27.781105 UTC
0022500245,2025-11-17T00:00:00,2025-11-18 00:30:00.000000 UTC,2026-01-21 14:58:27.781105 UTC
0022500246,2025-11-17T00:00:00,2025-11-18 01:00:00.000000 UTC,2026-01-21 14:58:27.781105 UTC
0022500247,2025-11-17T00:00:00,2025-11-18 01:00:00.000000 UTC,2026-01-21 14:58:27.781105 UTC
0022500248,2025-11-17T00:00:00,2025-11-18 02:00:00.000000 UTC,2026-01-21 14:58:27.781105 UTC
0022500249,2025-11-18T00:00:00,2025-11-19 00:00:00.000000 UTC,2026-01-21 14:58:27.781105 UTC
0022500251,2025-11-18T00:00:00,2025-11-19 00:30:00.000000 UTC,2026-01-21 14:58:27.781105 UTC
0022500250,2025-11-18T00:00:00,2025-11-19 00:30:00.000000 UTC,2026-01-21 14:58:27.781105 UTC
0022500252,2025-11-18T00:00:00,2025-11-19 01:00:00.000000 UTC,2026-01-21 14:58:27.781105 UTC
0022500253,2025-11-18T00:00:00,2025-11-19 03:30:00.000000 UTC,2026-01-21 14:58:27.781105 UTC
0022500254,2025-11-18T00:00:00,2025-11-19 04:00:00.000000 UTC,2026-01-21 14:58:27.781105 UTC
0022500258,2025-11-19T00:00:00,2025-11-20 00:00:00.000000 UTC,2026-01-21 14:58:27.781105 UTC
0022500255,2025-11-19T00:00:00,2025-11-20 00:00:00.000000 UTC,2026-01-21 14:58:27.781105 UTC
0022500256,2025-11-19T00:00:00,2025-11-20 00:00:00.000000 UTC,2026-01-21 14:58:27.781105 UTC
0022500257,2025-11-19T00:00:00,2025-11-20 00:30:00.000000 UTC,2026-01-21 14:58:27.781105 UTC
0022500259,2025-11-19T00:00:00,2025-11-20 01:00:00.000000 UTC,2026-01-21 14:58:27.781105 UTC
0022500261,2025-11-19T00:00:00,2025-11-20 01:00:00.000000 UTC,2026-01-21 14:58:27.781105 UTC
0022500260,2025-11-19T00:00:00,2025-11-20 01:00:00.000000 UTC,2026-01-21 14:58:27.781105 UTC
0022500262,2025-11-19T00:00:00,2025-11-20 02:30:00.000000 UTC,2026-01-21 14:58:27.781105 UTC
0022500263,2025-11-19T00:00:00,2025-11-20 03:00:00.000000 UTC,2026-01-21 14:58:27.781105 UTC
0022500264,2025-11-20T00:00:00,2025-11-21 00:00:00.000000 UTC,2026-01-21 14:58:27.781105 UTC
0022500266,2025-11-20T00:00:00,2025-11-21 01:00:00.000000 UTC,2026-01-21 14:58:27.781105 UTC
0022500265,2025-11-20T00:00:00,2025-11-21 01:00:00.000000 UTC,2026-01-21 14:58:27.781105 UTC
0022500267,2025-11-20T00:00:00,2025-11-21 01:00:00.000000 UTC,2026-01-21 14:58:27.781105 UTC
0022500048,2025-11-21T00:00:00,2025-11-22 00:00:00.000000 UTC,2026-01-21 14:58:27.781105 UTC
0022500049,2025-11-21T00:00:00,2025-11-22 00:30:00.000000 UTC,2026-01-21 14:58:27.781105 UTC
0022500050,2025-11-21T00:00:00,2025-11-22 00:30:00.000000 UTC,2026-01-21 14:58:27.781105 UTC
0022500051,2025-11-21T00:00:00,2025-11-22 01:00:00.000000 UTC,2026-01-21 14:58:27.781105 UTC
0022500052,2025-11-21T00:00:00,2025-11-22 01:30:00.000000 UTC,2026-01-21 14:58:27.781105 UTC
0022500053,2025-11-21T00:00:00,2025-11-22 02:00:00.000000 UTC,2026-01-21 14:58:27.781105 UTC
0022500054,2025-11-21T00:00:00,2025-11-22 02:30:00.000000 UTC,2026-01-21 14:58:27.781105 UTC
0022500056,2025-11-21T00:00:00,2025-11-22 03:00:00.000000 UTC,2026-01-21 14:58:27.781105 UTC
0022500055,2025-11-21T00:00:00,2025-11-22 03:00:00.000000 UTC,2026-01-21 14:58:27.781105 UTC
0022500268,2025-11-22T00:00:00,2025-11-22 18:00:00.000000 UTC,2026-01-21 14:58:27.781105 UTC
0022500269,2025-11-22T00:00:00,2025-11-22 22:00:00.000000 UTC,2026-01-21 14:58:27.781105 UTC
0022500270,2025-11-22T00:00:00,2025-11-23 00:00:00.000000 UTC,2026-01-21 14:58:27.781105 UTC
0022500272,2025-11-22T00:00:00,2025-11-23 01:00:00.000000 UTC,2026-01-21 14:58:27.781105 UTC
0022500271,2025-11-22T00:00:00,2025-11-23 01:00:00.000000 UTC,2026-01-21 14:58:27.781105 UTC
0022500273,2025-11-22T00:00:00,2025-11-23 01:30:00.000000 UTC,2026-01-21 14:58:27.781105 UTC
0022500274,2025-11-22T00:00:00,2025-11-23 03:00:00.000000 UTC,2026-01-21 14:58:27.781105 UTC
0022500275,2025-11-23T00:00:00,2025-11-23 18:00:00.000000 UTC,2026-01-21 14:58:27.781105 UTC
0022500277,2025-11-23T00:00:00,2025-11-23 23:00:00.000000 UTC,2026-01-21 14:58:27.781105 UTC
0022500278,2025-11-23T00:00:00,2025-11-23 23:00:00.000000 UTC,2026-01-21 14:58:27.781105 UTC
0022500276,2025-11-23T00:00:00,2025-11-23 23:00:00.000000 UTC,2026-01-21 14:58:27.781105 UTC
0022500279,2025-11-23T00:00:00,2025-11-23 23:00:00.000000 UTC,2026-01-21 14:58:27.781105 UTC
0022500280,2025-11-23T00:00:00,2025-11-24 00:00:00.000000 UTC,2026-01-21 14:58:27.781105 UTC
0022500281,2025-11-23T00:00:00,2025-11-24 01:00:00.000000 UTC,2026-01-21 14:58:27.781105 UTC
0022500282,2025-11-23T00:00:00,2025-11-24 01:00:00.000000 UTC,2026-01-21 14:58:27.781105 UTC
0022500283,2025-11-24T00:00:00,2025-11-25 00:00:00.000000 UTC,2026-01-21 14:58:27.781105 UTC
0022500284,2025-11-24T00:00:00,2025-11-25 00:00:00.000000 UTC,2026-01-21 14:58:27.781105 UTC
0022500285,2025-11-24T00:00:00,2025-11-25 00:30:00.000000 UTC,2026-01-21 14:58:27.781105 UTC
0022500286,2025-11-24T00:00:00,2025-11-25 00:30:00.000000 UTC,2026-01-21 14:58:27.781105 UTC
0022500287,2025-11-24T00:00:00,2025-11-25 01:00:00.000000 UTC,2026-01-21 14:58:27.781105 UTC
0022500289,2025-11-24T00:00:00,2025-11-25 01:00:00.000000 UTC,2026-01-21 14:58:27.781105 UTC
0022500288,2025-11-24T00:00:00,2025-11-25 01:00:00.000000 UTC,2026-01-21 14:58:27.781105 UTC
0022500290,2025-11-24T00:00:00,2025-11-25 02:30:00.000000 UTC,2026-01-21 14:58:27.781105 UTC
0022500291,2025-11-24T00:00:00,2025-11-25 03:00:00.000000 UTC,2026-01-21 14:58:27.781105 UTC
0022500292,2025-11-24T00:00:00,2025-11-25 03:00:00.000000 UTC,2026-01-21 14:58:27.781105 UTC
0022500057,2025-11-25T00:00:00,2025-11-26 00:00:00.000000 UTC,2026-01-21 14:58:27.781105 UTC
0022500058,2025-11-25T00:00:00,2025-11-26 01:00:00.000000 UTC,2026-01-21 14:58:27.781105 UTC
0022500059,2025-11-25T00:00:00,2025-11-26 04:00:00.000000 UTC,2026-01-21 14:58:27.781105 UTC
0022500060,2025-11-26T00:00:00,2025-11-26 22:00:00.000000 UTC,2026-01-21 14:58:27.781105 UTC
0022500061,2025-11-26T00:00:00,2025-11-27 00:00:00.000000 UTC,2026-01-21 14:58:27.781105 UTC
0022500062,2025-11-26T00:00:00,2025-11-27 00:30:00.000000 UTC,2026-01-21 14:58:27.781105 UTC
0022500064,2025-11-26T00:00:00,2025-11-27 00:30:00.000000 UTC,2026-01-21 14:58:27.781105 UTC
0022500063,2025-11-26T00:00:00,2025-11-27 00:30:00.000000 UTC,2026-01-21 14:58:27.781105 UTC
0022500065,2025-11-26T00:00:00,2025-11-27 01:00:00.000000 UTC,2026-01-21 14:58:27.781105 UTC
0022500068,2025-11-26T00:00:00,2025-11-27 03:00:00.000000 UTC,2026-01-21 14:58:27.781105 UTC
0022500067,2025-11-26T00:00:00,2025-11-27 03:00:00.000000 UTC,2026-01-21 14:58:27.781105 UTC
0022500066,2025-11-26T00:00:00,2025-11-27 03:00:00.000000 UTC,2026-01-21 14:58:27.781105 UTC
0022500071,2025-11-28T00:00:00,2025-11-29 00:30:00.000000 UTC,2026-01-21 14:58:27.781105 UTC
0022500074,2025-11-28T00:00:00,2025-11-29 00:30:00.000000 UTC,2026-01-21 14:58:27.781105 UTC
0022500070,2025-11-28T00:00:00,2025-11-29 00:30:00.000000 UTC,2026-01-21 14:58:27.781105 UTC
0022500072,2025-11-28T00:00:00,2025-11-29 00:30:00.000000 UTC,2026-01-21 14:58:27.781105 UTC
0022500073,2025-11-28T00:00:00,2025-11-29 00:30:00.000000 UTC,2026-01-21 14:58:27.781105 UTC
0022500069,2025-11-28T00:00:00,2025-11-29 00:30:00.000000 UTC,2026-01-21 14:58:27.781105 UTC
0022500077,2025-11-28T00:00:00,2025-11-29 02:30:00.000000 UTC,2026-01-21 14:58:27.781105 UTC
0022500076,2025-11-28T00:00:00,2025-11-29 02:30:00.000000 UTC,2026-01-21 14:58:27.781105 UTC
0022500075,2025-11-28T00:00:00,2025-11-29 02:30:00.000000 UTC,2026-01-21 14:58:27.781105 UTC
0022500078,2025-11-28T00:00:00,2025-11-29 03:00:00.000000 UTC,2026-01-21 14:58:27.781105 UTC
0022500079,2025-11-28T00:00:00,2025-11-29 03:00:00.000000 UTC,2026-01-21 14:58:27.781105 UTC
0022500293,2025-11-29T00:00:00,2025-11-29 22:00:00.000000 UTC,2026-01-21 14:58:27.781105 UTC
0022500294,2025-11-29T00:00:00,2025-11-29 23:00:00.000000 UTC,2026-01-21 14:58:27.781105 UTC
0022500295,2025-11-29T00:00:00,2025-11-30 00:30:00.000000 UTC,2026-01-21 14:58:27.781105 UTC
0022500297,2025-11-29T00:00:00,2025-11-30 01:00:00.000000 UTC,2026-01-21 14:58:27.781105 UTC
0022500296,2025-11-29T00:00:00,2025-11-30 01:00:00.000000 UTC,2026-01-21 14:58:27.781105 UTC
0022500298,2025-11-29T00:00:00,2025-11-30 01:30:00.000000 UTC,2026-01-21 14:58:27.781105 UTC
0022500299,2025-11-29T00:00:00,2025-11-30 02:00:00.000000 UTC,2026-01-21 14:58:27.781105 UTC
0022500300,2025-11-29T00:00:00,2025-11-30 03:00:00.000000 UTC,2026-01-21 14:58:27.781105 UTC
0022500301,2025-11-30T00:00:00,2025-11-30 20:00:00.000000 UTC,2026-01-21 14:58:27.781105 UTC
0022500304,2025-11-30T00:00:00,2025-11-30 23:00:00.000000 UTC,2026-01-21 14:58:27.781105 UTC
0022500302,2025-11-30T00:00:00,2025-11-30 23:00:00.000000 UTC,2026-01-21 14:58:27.781105 UTC
0022500305,2025-11-30T00:00:00,2025-11-30 23:00:00.000000 UTC,2026-01-21 14:58:27.781105 UTC
0022500303,2025-11-30T00:00:00,2025-11-30 23:00:00.000000 UTC,2026-01-21 14:58:27.781105 UTC
0022500306,2025-11-30T00:00:00,2025-12-01 00:00:00.000000 UTC,2026-01-21 14:58:27.781105 UTC
0022500307,2025-11-30T00:00:00,2025-12-01 02:00:00.000000 UTC,2026-01-21 14:58:27.781105 UTC
0022500308,2025-11-30T00:00:00,2025-12-01 02:30:00.000000 UTC,2026-01-21 14:58:27.781105 UTC
0022500310,2025-12-01T00:00:00,2025-12-02 00:00:00.000000 UTC,2026-01-21 14:58:27.781105 UTC
0022500311,2025-12-01T00:00:00,2025-12-02 00:00:00.000000 UTC,2026-01-21 14:58:27.781105 UTC
0022500309,2025-12-01T00:00:00,2025-12-02 00:00:00.000000 UTC,2026-01-21 14:58:27.781105 UTC
0022500312,2025-12-01T00:00:00,2025-12-02 00:30:00.000000 UTC,2026-01-21 14:58:27.781105 UTC
0022500313,2025-12-01T00:00:00,2025-12-02 00:30:00.000000 UTC,2026-01-21 14:58:27.781105 UTC
0022500314,2025-12-01T00:00:00,2025-12-02 00:30:00.000000 UTC,2026-01-21 14:58:27.781105 UTC
0022500316,2025-12-01T00:00:00,2025-12-02 02:00:00.000000 UTC,2026-01-21 14:58:27.781105 UTC
0022500315,2025-12-01T00:00:00,2025-12-02 02:00:00.000000 UTC,2026-01-21 14:58:27.781105 UTC
0022500317,2025-12-01T00:00:00,2025-12-02 03:00:00.000000 UTC,2026-01-21 14:58:27.781105 UTC
0022500318,2025-12-02T00:00:00,2025-12-03 00:00:00.000000 UTC,2026-01-21 14:58:27.781105 UTC
0022500319,2025-12-02T00:00:00,2025-12-03 00:30:00.000000 UTC,2026-01-21 14:58:27.781105 UTC
0022500321,2025-12-02T00:00:00,2025-12-03 01:00:00.000000 UTC,2026-01-21 14:58:27.781105 UTC
0022500320,2025-12-02T00:00:00,2025-12-03 01:00:00.000000 UTC,2026-01-21 14:58:27.781105 UTC
0022500322,2025-12-02T00:00:00,2025-12-03 01:00:00.000000 UTC,2026-01-21 14:58:27.781105 UTC
0022500323,2025-12-02T00:00:00,2025-12-03 04:00:00.000000 UTC,2026-01-21 14:58:27.781105 UTC
0022500324,2025-12-03T00:00:00,2025-12-04 00:00:00.000000 UTC,2026-01-21 14:58:27.781105 UTC
0022500325,2025-12-03T00:00:00,2025-12-04 00:00:00.000000 UTC,2026-01-21 14:58:27.781105 UTC
0022500326,2025-12-03T00:00:00,2025-12-04 00:00:00.000000 UTC,2026-01-21 14:58:27.781105 UTC
0022500327,2025-12-03T00:00:00,2025-12-04 00:30:00.000000 UTC,2026-01-21 14:58:27.781105 UTC
0022500328,2025-12-03T00:00:00,2025-12-04 00:30:00.000000 UTC,2026-01-21 14:58:27.781105 UTC
0022500329,2025-12-03T00:00:00,2025-12-04 01:00:00.000000 UTC,2026-01-21 14:58:27.781105 UTC
0022500331,2025-12-03T00:00:00,2025-12-04 01:00:00.000000 UTC,2026-01-21 14:58:27.781105 UTC
0022500330,2025-12-03T00:00:00,2025-12-04 01:00:00.000000 UTC,2026-01-21 14:58:27.781105 UTC
0022500332,2025-12-03T00:00:00,2025-12-04 01:30:00.000000 UTC,2026-01-21 14:58:27.781105 UTC
0022500333,2025-12-04T00:00:00,2025-12-05 00:00:00.000000 UTC,2026-01-21 14:58:27.781105 UTC
0022500334,2025-12-04T00:00:00,2025-12-05 00:00:00.000000 UTC,2026-01-21 14:58:27.781105 UTC
0022500335,2025-12-04T00:00:00,2025-12-05 00:30:00.000000 UTC,2026-01-21 14:58:27.781105 UTC
0022500336,2025-12-04T00:00:00,2025-12-05 00:30:00.000000 UTC,2026-01-21 14:58:27.781105 UTC
0022500337,2025-12-04T00:00:00,2025-12-05 01:00:00.000000 UTC,2026-01-21 14:58:27.781105 UTC
0022500339,2025-12-05T00:00:00,2025-12-06 00:00:00.000000 UTC,2026-01-21 14:58:27.781105 UTC
0022500338,2025-12-05T00:00:00,2025-12-06 00:00:00.000000 UTC,2026-01-21 14:58:27.781105 UTC
0022500340,2025-12-05T00:00:00,2025-12-06 00:30:00.000000 UTC,2026-01-21 14:58:27.781105 UTC
0022500344,2025-12-05T00:00:00,2025-12-06 00:30:00.000000 UTC,2026-01-21 14:58:27.781105 UTC
0022500342,2025-12-05T00:00:00,2025-12-06 00:30:00.000000 UTC,2026-01-21 14:58:27.781105 UTC
0022500343,2025-12-05T00:00:00,2025-12-06 00:30:00.000000 UTC,2026-01-21 14:58:27.781105 UTC
0022500341,2025-12-05T00:00:00,2025-12-06 00:30:00.000000 UTC,2026-01-21 14:58:27.781105 UTC
0022500346,2025-12-05T00:00:00,2025-12-06 01:00:00.000000 UTC,2026-01-21 14:58:27.781105 UTC
0022500347,2025-12-05T00:00:00,2025-12-06 01:00:00.000000 UTC,2026-01-21 14:58:27.781105 UTC
0022500345,2025-12-05T00:00:00,2025-12-06 01:00:00.000000 UTC,2026-01-21 14:58:27.781105 UTC
0022500348,2025-12-05T00:00:00,2025-12-06 01:00:00.000000 UTC,2026-01-21 14:58:27.781105 UTC
0022500349,2025-12-05T00:00:00,2025-12-06 02:30:00.000000 UTC,2026-01-21 14:58:27.781105 UTC
0022500350,2025-12-06T00:00:00,2025-12-06 22:00:00.000000 UTC,2026-01-21 14:58:27.781105 UTC
0022500351,2025-12-06T00:00:00,2025-12-07 00:00:00.000000 UTC,2026-01-21 14:58:27.781105 UTC
0022500353,2025-12-06T00:00:00,2025-12-07 00:30:00.000000 UTC,2026-01-21 14:58:27.781105 UTC
0022500352,2025-12-06T00:00:00,2025-12-07 00:30:00.000000 UTC,2026-01-21 14:58:27.781105 UTC
0022500355,2025-12-06T00:00:00,2025-12-07 01:00:00.000000 UTC,2026-01-21 14:58:27.781105 UTC
0022500354,2025-12-06T00:00:00,2025-12-07 01:00:00.000000 UTC,2026-01-21 14:58:27.781105 UTC
0022500356,2025-12-06T00:00:00,2025-12-07 01:30:00.000000 UTC,2026-01-21 14:58:27.781105 UTC
0022500357,2025-12-07T00:00:00,2025-12-07 17:00:00.000000 UTC,2026-01-21 14:58:27.781105 UTC
0022500358,2025-12-07T00:00:00,2025-12-07 20:30:00.000000 UTC,2026-01-21 14:58:27.781105 UTC
0022500359,2025-12-07T00:00:00,2025-12-07 23:00:00.000000 UTC,2026-01-21 14:58:27.781105 UTC
0022500360,2025-12-07T00:00:00,2025-12-07 23:00:00.000000 UTC,2026-01-21 14:58:27.781105 UTC
0022500361,2025-12-07T00:00:00,2025-12-08 00:00:00.000000 UTC,2026-01-21 14:58:27.781105 UTC
0022500362,2025-12-07T00:00:00,2025-12-08 00:30:00.000000 UTC,2026-01-21 14:58:27.781105 UTC
0022500363,2025-12-07T00:00:00,2025-12-08 01:00:00.000000 UTC,2026-01-21 14:58:27.781105 UTC
0022500364,2025-12-08T00:00:00,2025-12-09 00:00:00.000000 UTC,2026-01-21 14:58:27.781105 UTC
0022500365,2025-12-08T00:00:00,2025-12-09 00:30:00.000000 UTC,2026-01-21 14:58:27.781105 UTC
0022500366,2025-12-08T00:00:00,2025-12-09 01:00:00.000000 UTC,2026-01-21 14:58:27.781105 UTC
0022501201,2025-12-09T00:00:00,2025-12-09 23:00:00.000000 UTC,2026-01-21 14:58:27.781105 UTC
0022501202,2025-12-09T00:00:00,2025-12-10 01:30:00.000000 UTC,2026-01-21 14:58:27.781105 UTC
0022501203,2025-12-10T00:00:00,2025-12-11 00:30:00.000000 UTC,2026-01-21 14:58:27.781105 UTC
0022501204,2025-12-10T00:00:00,2025-12-11 03:00:00.000000 UTC,2026-01-21 14:58:27.781105 UTC
0022501207,2025-12-11T00:00:00,2025-12-12 01:00:00.000000 UTC,2026-01-21 14:58:27.781105 UTC
0022501205,2025-12-11T00:00:00,2025-12-12 01:00:00.000000 UTC,2026-01-21 14:58:27.781105 UTC
0022501206,2025-12-11T00:00:00,2025-12-12 01:00:00.000000 UTC,2026-01-21 14:58:27.781105 UTC
0022501208,2025-12-11T00:00:00,2025-12-12 03:00:00.000000 UTC,2026-01-21 14:58:27.781105 UTC
0022501212,2025-12-12T00:00:00,2025-12-13 00:00:00.000000 UTC,2026-01-21 14:58:27.781105 UTC
0022501210,2025-12-12T00:00:00,2025-12-13 00:00:00.000000 UTC,2026-01-21 14:58:27.781105 UTC
0022501211,2025-12-12T00:00:00,2025-12-13 00:00:00.000000 UTC,2026-01-21 14:58:27.781105 UTC
0022501209,2025-12-12T00:00:00,2025-12-13 00:00:00.000000 UTC,2026-01-21 14:58:27.781105 UTC
0022501213,2025-12-12T00:00:00,2025-12-13 01:00:00.000000 UTC,2026-01-21 14:58:27.781105 UTC
0022501214,2025-12-12T00:00:00,2025-12-13 01:30:00.000000 UTC,2026-01-21 14:58:27.781105 UTC
0022501215,2025-12-12T00:00:00,2025-12-13 03:00:00.000000 UTC,2026-01-21 14:58:27.781105 UTC
0022501229,2025-12-13T00:00:00,2025-12-13 22:30:00.000000 UTC,2026-01-21 14:58:27.781105 UTC
0022501230,2025-12-13T00:00:00,2025-12-14 02:00:00.000000 UTC,2026-01-21 14:58:27.781105 UTC
0022501216,2025-12-14T00:00:00,2025-12-14 20:00:00.000000 UTC,2026-01-21 14:58:27.781105 UTC
0022501218,2025-12-14T00:00:00,2025-12-14 20:30:00.000000 UTC,2026-01-21 14:58:27.781105 UTC
0022501219,2025-12-14T00:00:00,2025-12-14 23:00:00.000000 UTC,2026-01-21 14:58:27.781105 UTC
0022501217,2025-12-14T00:00:00,2025-12-14 23:00:00.000000 UTC,2026-01-21 14:58:27.781105 UTC
0022501220,2025-12-14T00:00:00,2025-12-15 00:00:00.000000 UTC,2026-01-21 14:58:27.781105 UTC
0022501223,2025-12-14T00:00:00,2025-12-15 00:00:00.000000 UTC,2026-01-21 14:58:27.781105 UTC
0022501228,2025-12-14T00:00:00,2025-12-15 01:00:00.000000 UTC,2026-01-21 14:58:27.781105 UTC
0022501221,2025-12-14T00:00:00,2025-12-15 02:00:00.000000 UTC,2026-01-21 14:58:27.781105 UTC
0022501222,2025-12-15T00:00:00,2025-12-16 00:00:00.000000 UTC,2026-01-21 14:58:27.781105 UTC
0022501227,2025-12-15T00:00:00,2025-12-16 00:30:00.000000 UTC,2026-01-21 14:58:27.781105 UTC
0022501224,2025-12-15T00:00:00,2025-12-16 02:00:00.000000 UTC,2026-01-21 14:58:27.781105 UTC
0022501225,2025-12-15T00:00:00,2025-12-16 02:30:00.000000 UTC,2026-01-21 14:58:27.781105 UTC
0022501226,2025-12-15T00:00:00,2025-12-16 03:30:00.000000 UTC,2026-01-21 14:58:27.781105 UTC
0062500001,2025-12-16T00:00:00,2025-12-17 01:30:00.000000 UTC,2026-01-21 14:58:27.781105 UTC
0022500367,2025-12-17T00:00:00,2025-12-18 01:00:00.000000 UTC,2026-01-21 14:58:27.781105 UTC
0022500368,2025-12-17T00:00:00,2025-12-18 01:00:00.000000 UTC,2026-01-21 14:58:27.781105 UTC
0022500372,2025-12-18T00:00:00,2025-12-19 00:00:00.000000 UTC,2026-01-21 14:58:27.781105 UTC
0022500371,2025-12-18T00:00:00,2025-12-19 00:00:00.000000 UTC,2026-01-21 14:58:27.781105 UTC
0022500373,2025-12-18T00:00:00,2025-12-19 00:30:00.000000 UTC,2026-01-21 14:58:27.781105 UTC
0022500374,2025-12-18T00:00:00,2025-12-19 01:00:00.000000 UTC,2026-01-21 14:58:27.781105 UTC
0022500375,2025-12-18T00:00:00,2025-12-19 01:00:00.000000 UTC,2026-01-21 14:58:27.781105 UTC
0022500370,2025-12-18T00:00:00,2025-12-19 01:00:00.000000 UTC,2026-01-21 14:58:27.781105 UTC
0022500369,2025-12-18T00:00:00,2025-12-19 01:00:00.000000 UTC,2026-01-21 14:58:27.781105 UTC
0022500376,2025-12-18T00:00:00,2025-12-19 01:30:00.000000 UTC,2026-01-21 14:58:27.781105 UTC
0022500379,2025-12-18T00:00:00,2025-12-19 02:00:00.000000 UTC,2026-01-21 14:58:27.781105 UTC
0022500378,2025-12-18T00:00:00,2025-12-19 02:00:00.000000 UTC,2026-01-21 14:58:27.781105 UTC
0022500377,2025-12-18T00:00:00,2025-12-19 02:00:00.000000 UTC,2026-01-21 14:58:27.781105 UTC
0022500380,2025-12-18T00:00:00,2025-12-19 03:00:00.000000 UTC,2026-01-21 14:58:27.781105 UTC
0022500381,2025-12-19T00:00:00,2025-12-20 00:00:00.000000 UTC,2026-01-21 14:58:27.781105 UTC
0022500382,2025-12-19T00:00:00,2025-12-20 00:00:00.000000 UTC,2026-01-21 14:58:27.781105 UTC
0022500384,2025-12-19T00:00:00,2025-12-20 00:30:00.000000 UTC,2026-01-21 14:58:27.781105 UTC
0022500383,2025-12-19T00:00:00,2025-12-20 00:30:00.000000 UTC,2026-01-21 14:58:27.781105 UTC
0022500385,2025-12-19T00:00:00,2025-12-20 02:30:00.000000 UTC,2026-01-21 14:58:27.781105 UTC
0022500386,2025-12-20T00:00:00,2025-12-20 22:00:00.000000 UTC,2026-01-21 14:58:27.781105 UTC
0022500387,2025-12-20T00:00:00,2025-12-21 00:00:00.000000 UTC,2026-01-21 14:58:27.781105 UTC
0022500388,2025-12-20T00:00:00,2025-12-21 00:00:00.000000 UTC,2026-01-21 14:58:27.781105 UTC
0022500389,2025-12-20T00:00:00,2025-12-21 00:00:00.000000 UTC,2026-01-21 14:58:27.781105 UTC
0022500390,2025-12-20T00:00:00,2025-12-21 00:30:00.000000 UTC,2026-01-21 14:58:27.781105 UTC
0022500391,2025-12-20T00:00:00,2025-12-21 01:00:00.000000 UTC,2026-01-21 14:58:27.781105 UTC
0022500392,2025-12-20T00:00:00,2025-12-21 01:30:00.000000 UTC,2026-01-21 14:58:27.781105 UTC
0022500393,2025-12-20T00:00:00,2025-12-21 02:30:00.000000 UTC,2026-01-21 14:58:27.781105 UTC
0022500394,2025-12-20T00:00:00,2025-12-21 03:00:00.000000 UTC,2026-01-21 14:58:27.781105 UTC
0022500395,2025-12-20T00:00:00,2025-12-21 03:30:00.000000 UTC,2026-01-21 14:58:27.781105 UTC
0022500396,2025-12-21T00:00:00,2025-12-21 20:30:00.000000 UTC,2026-01-21 14:58:27.781105 UTC
0022500398,2025-12-21T00:00:00,2025-12-21 23:00:00.000000 UTC,2026-01-21 14:58:27.781105 UTC
0022500397,2025-12-21T00:00:00,2025-12-21 23:00:00.000000 UTC,2026-01-21 14:58:27.781105 UTC
0022500399,2025-12-21T00:00:00,2025-12-22 00:00:00.000000 UTC,2026-01-21 14:58:27.781105 UTC
0022500400,2025-12-21T00:00:00,2025-12-22 00:00:00.000000 UTC,2026-01-21 14:58:27.781105 UTC
0022500401,2025-12-21T00:00:00,2025-12-22 03:00:00.000000 UTC,2026-01-21 14:58:27.781105 UTC
0022500402,2025-12-22T00:00:00,2025-12-23 00:00:00.000000 UTC,2026-01-21 14:58:27.781105 UTC
0022500403,2025-12-22T00:00:00,2025-12-23 00:30:00.000000 UTC,2026-01-21 14:58:27.781105 UTC
0022500404,2025-12-22T00:00:00,2025-12-23 01:00:00.000000 UTC,2026-01-21 14:58:27.781105 UTC
0022500405,2025-12-22T00:00:00,2025-12-23 02:00:00.000000 UTC,2026-01-21 14:58:27.781105 UTC
0022500406,2025-12-22T00:00:00,2025-12-23 02:30:00.000000 UTC,2026-01-21 14:58:27.781105 UTC
0022500407,2025-12-22T00:00:00,2025-12-23 03:00:00.000000 UTC,2026-01-21 14:58:27.781105 UTC
0022500408,2025-12-22T00:00:00,2025-12-23 03:00:00.000000 UTC,2026-01-21 14:58:27.781105 UTC
0022500410,2025-12-23T00:00:00,2025-12-24 00:00:00.000000 UTC,2026-01-21 14:58:27.781105 UTC
0022500409,2025-12-23T00:00:00,2025-12-24 00:00:00.000000 UTC,2026-01-21 14:58:27.781105 UTC
0022500414,2025-12-23T00:00:00,2025-12-24 00:30:00.000000 UTC,2026-01-21 14:58:27.781105 UTC
0022500411,2025-12-23T00:00:00,2025-12-24 00:30:00.000000 UTC,2026-01-21 14:58:27.781105 UTC
0022500413,2025-12-23T00:00:00,2025-12-24 00:30:00.000000 UTC,2026-01-21 14:58:27.781105 UTC
0022500412,2025-12-23T00:00:00,2025-12-24 00:30:00.000000 UTC,2026-01-21 14:58:27.781105 UTC
0022500416,2025-12-23T00:00:00,2025-12-24 01:00:00.000000 UTC,2026-01-21 14:58:27.781105 UTC
0022500415,2025-12-23T00:00:00,2025-12-24 01:00:00.000000 UTC,2026-01-21 14:58:27.781105 UTC
0022500417,2025-12-23T00:00:00,2025-12-24 01:30:00.000000 UTC,2026-01-21 14:58:27.781105 UTC
0022500418,2025-12-23T00:00:00,2025-12-24 02:00:00.000000 UTC,2026-01-21 14:58:27.781105 UTC
0022500419,2025-12-23T00:00:00,2025-12-24 02:00:00.000000 UTC,2026-01-21 14:58:27.781105 UTC
0022500421,2025-12-23T00:00:00,2025-12-24 03:00:00.000000 UTC,2026-01-21 14:58:27.781105 UTC
0022500420,2025-12-23T00:00:00,2025-12-24 03:00:00.000000 UTC,2026-01-21 14:58:27.781105 UTC
0022500422,2025-12-23T00:00:00,2025-12-24 03:30:00.000000 UTC,2026-01-21 14:58:27.781105 UTC
0022500009,2025-12-25T00:00:00,2025-12-25 17:00:00.000000 UTC,2026-01-21 14:58:27.781105 UTC
0022500010,2025-12-25T00:00:00,2025-12-25 19:30:00.000000 UTC,2026-01-21 14:58:27.781105 UTC
0022500011,2025-12-25T00:00:00,2025-12-25 22:00:00.000000 UTC,2026-01-21 14:58:27.781105 UTC
0022500012,2025-12-25T00:00:00,2025-12-26 01:00:00.000000 UTC,2026-01-21 14:58:27.781105 UTC
0022500013,2025-12-25T00:00:00,2025-12-26 03:30:00.000000 UTC,2026-01-21 14:58:27.781105 UTC
0022500425,2025-12-26T00:00:00,2025-12-27 00:00:00.000000 UTC,2026-01-21 14:58:27.781105 UTC
0022500423,2025-12-26T00:00:00,2025-12-27 00:00:00.000000 UTC,2026-01-21 14:58:27.781105 UTC
0022500426,2025-12-26T00:00:00,2025-12-27 00:00:00.000000 UTC,2026-01-21 14:58:27.781105 UTC
0022500424,2025-12-26T00:00:00,2025-12-27 00:00:00.000000 UTC,2026-01-21 14:58:27.781105 UTC
0022500427,2025-12-26T00:00:00,2025-12-27 00:30:00.000000 UTC,2026-01-21 14:58:27.781105 UTC
0022500429,2025-12-26T00:00:00,2025-12-27 01:00:00.000000 UTC,2026-01-21 14:58:27.781105 UTC
0022500428,2025-12-26T00:00:00,2025-12-27 01:00:00.000000 UTC,2026-01-21 14:58:27.781105 UTC
0022500430,2025-12-26T00:00:00,2025-12-27 02:30:00.000000 UTC,2026-01-21 14:58:27.781105 UTC
0022500431,2025-12-26T00:00:00,2025-12-27 03:00:00.000000 UTC,2026-01-21 14:58:27.781105 UTC
0022500432,2025-12-27T00:00:00,2025-12-27 22:00:00.000000 UTC,2026-01-21 14:58:27.781105 UTC
0022500433,2025-12-27T00:00:00,2025-12-28 00:00:00.000000 UTC,2026-01-21 14:58:27.781105 UTC
0022500434,2025-12-27T00:00:00,2025-12-28 00:00:00.000000 UTC,2026-01-21 14:58:27.781105 UTC
0022500438,2025-12-27T00:00:00,2025-12-28 01:00:00.000000 UTC,2026-01-21 14:58:27.781105 UTC
0022500440,2025-12-27T00:00:00,2025-12-28 01:00:00.000000 UTC,2026-01-21 14:58:27.781105 UTC
0022500439,2025-12-27T00:00:00,2025-12-28 01:00:00.000000 UTC,2026-01-21 14:58:27.781105 UTC
0022500436,2025-12-27T00:00:00,2025-12-28 01:00:00.000000 UTC,2026-01-21 14:58:27.781105 UTC
0022500437,2025-12-27T00:00:00,2025-12-28 01:00:00.000000 UTC,2026-01-21 14:58:27.781105 UTC
0022500435,2025-12-27T00:00:00,2025-12-28 01:00:00.000000 UTC,2026-01-21 14:58:27.781105 UTC
0022500441,2025-12-28T00:00:00,2025-12-28 20:30:00.000000 UTC,2026-01-21 14:58:27.781105 UTC
0022500442,2025-12-28T00:00:00,2025-12-28 20:30:00.000000 UTC,2026-01-21 14:58:27.781105 UTC
0022500444,2025-12-28T00:00:00,2025-12-28 23:00:00.000000 UTC,2026-01-21 14:58:27.781105 UTC
0022500443,2025-12-28T00:00:00,2025-12-28 23:00:00.000000 UTC,2026-01-21 14:58:27.781105 UTC
0022500445,2025-12-28T00:00:00,2025-12-29 02:00:00.000000 UTC,2026-01-21 14:58:27.781105 UTC
0022500446,2025-12-28T00:00:00,2025-12-29 02:30:00.000000 UTC,2026-01-21 14:58:27.781105 UTC
0022500447,2025-12-29T00:00:00,2025-12-30 00:00:00.000000 UTC,2026-01-21 14:58:27.781105 UTC
0022500448,2025-12-29T00:00:00,2025-12-30 00:00:00.000000 UTC,2026-01-21 14:58:27.781105 UTC
0022500451,2025-12-29T00:00:00,2025-12-30 00:30:00.000000 UTC,2026-01-21 14:58:27.781105 UTC
0022500450,2025-12-29T00:00:00,2025-12-30 00:30:00.000000 UTC,2026-01-21 14:58:27.781105 UTC
0022500449,2025-12-29T00:00:00,2025-12-30 00:30:00.000000 UTC,2026-01-21 14:58:27.781105 UTC
0022500456,2025-12-29T00:00:00,2025-12-30 01:00:00.000000 UTC,2026-01-21 14:58:27.781105 UTC
0022500455,2025-12-29T00:00:00,2025-12-30 01:00:00.000000 UTC,2026-01-21 14:58:27.781105 UTC
0022500452,2025-12-29T00:00:00,2025-12-30 01:00:00.000000 UTC,2026-01-21 14:58:27.781105 UTC
0022500454,2025-12-29T00:00:00,2025-12-30 01:00:00.000000 UTC,2026-01-21 14:58:27.781105 UTC
0022500453,2025-12-29T00:00:00,2025-12-30 01:00:00.000000 UTC,2026-01-21 14:58:27.781105 UTC
0022500457,2025-12-29T00:00:00,2025-12-30 03:30:00.000000 UTC,2026-01-21 14:58:27.781105 UTC
0022500458,2025-12-30T00:00:00,2025-12-31 01:00:00.000000 UTC,2026-01-21 14:58:27.781105 UTC
0022500459,2025-12-30T00:00:00,2025-12-31 02:00:00.000000 UTC,2026-01-21 14:58:27.781105 UTC
0022500460,2025-12-30T00:00:00,2025-12-31 03:30:00.000000 UTC,2026-01-21 14:58:27.781105 UTC
0022500461,2025-12-30T00:00:00,2025-12-31 04:00:00.000000 UTC,2026-01-21 14:58:27.781105 UTC
0022500462,2025-12-31T00:00:00,2025-12-31 18:00:00.000000 UTC,2026-01-21 14:58:27.781105 UTC
0022500464,2025-12-31T00:00:00,2025-12-31 20:00:00.000000 UTC,2026-01-21 14:58:27.781105 UTC
0022500463,2025-12-31T00:00:00,2025-12-31 20:00:00.000000 UTC,2026-01-21 14:58:27.781105 UTC
0022500465,2025-12-31T00:00:00,2025-12-31 20:30:00.000000 UTC,2026-01-21 14:58:27.781105 UTC
0022500467,2025-12-31T00:00:00,2026-01-01 00:00:00.000000 UTC,2026-01-21 14:58:27.781105 UTC
0022500466,2025-12-31T00:00:00,2026-01-01 00:00:00.000000 UTC,2026-01-21 14:58:27.781105 UTC
0022500468,2025-12-31T00:00:00,2026-01-01 00:30:00.000000 UTC,2026-01-21 14:58:27.781105 UTC
0022500470,2025-12-31T00:00:00,2026-01-01 01:00:00.000000 UTC,2026-01-21 14:58:27.781105 UTC
0022500469,2025-12-31T00:00:00,2026-01-01 01:00:00.000000 UTC,2026-01-21 14:58:27.781105 UTC
0022500471,2026-01-01T00:00:00,2026-01-01 23:00:00.000000 UTC,2026-01-21 14:58:27.781105 UTC
0022500472,2026-01-01T00:00:00,2026-01-02 00:00:00.000000 UTC,2026-01-21 14:58:27.781105 UTC
0022500473,2026-01-01T00:00:00,2026-01-02 01:30:00.000000 UTC,2026-01-21 14:58:27.781105 UTC
0022500474,2026-01-01T00:00:00,2026-01-02 03:00:00.000000 UTC,2026-01-21 14:58:27.781105 UTC
0022500475,2026-01-01T00:00:00,2026-01-02 03:30:00.000000 UTC,2026-01-21 14:58:27.781105 UTC
0022500476,2026-01-02T00:00:00,2026-01-03 00:00:00.000000 UTC,2026-01-21 14:58:27.781105 UTC
0022500477,2026-01-02T00:00:00,2026-01-03 00:00:00.000000 UTC,2026-01-21 14:58:27.781105 UTC
0022500478,2026-01-02T00:00:00,2026-01-03 00:30:00.000000 UTC,2026-01-21 14:58:27.781105 UTC
0022500479,2026-01-02T00:00:00,2026-01-03 00:30:00.000000 UTC,2026-01-21 14:58:27.781105 UTC
0022500482,2026-01-02T00:00:00,2026-01-03 01:00:00.000000 UTC,2026-01-21 14:58:27.781105 UTC
0022500480,2026-01-02T00:00:00,2026-01-03 01:00:00.000000 UTC,2026-01-21 14:58:27.781105 UTC
0022500481,2026-01-02T00:00:00,2026-01-03 01:00:00.000000 UTC,2026-01-21 14:58:27.781105 UTC
0022500483,2026-01-02T00:00:00,2026-01-03 02:00:00.000000 UTC,2026-01-21 14:58:27.781105 UTC
0022500484,2026-01-02T00:00:00,2026-01-03 03:00:00.000000 UTC,2026-01-21 14:58:27.781105 UTC
0022500485,2026-01-02T00:00:00,2026-01-03 03:30:00.000000 UTC,2026-01-21 14:58:27.781105 UTC
0022500486,2026-01-03T00:00:00,2026-01-03 22:00:00.000000 UTC,2026-01-21 14:58:27.781105 UTC
0022500487,2026-01-03T00:00:00,2026-01-04 00:30:00.000000 UTC,2026-01-21 14:58:27.781105 UTC
0022500488,2026-01-03T00:00:00,2026-01-04 00:30:00.000000 UTC,2026-01-21 14:58:27.781105 UTC
0022500489,2026-01-03T00:00:00,2026-01-04 01:00:00.000000 UTC,2026-01-21 14:58:27.781105 UTC
0022500490,2026-01-03T00:00:00,2026-01-04 01:00:00.000000 UTC,2026-01-21 14:58:27.781105 UTC
0022500491,2026-01-03T00:00:00,2026-01-04 01:30:00.000000 UTC,2026-01-21 14:58:27.781105 UTC
0022500492,2026-01-03T00:00:00,2026-01-04 03:00:00.000000 UTC,2026-01-21 14:58:27.781105 UTC
0022500493,2026-01-03T00:00:00,2026-01-04 03:30:00.000000 UTC,2026-01-21 14:58:27.781105 UTC
0022500494,2026-01-04T00:00:00,2026-01-04 19:00:00.000000 UTC,2026-01-21 14:58:27.781105 UTC
0022500495,2026-01-04T00:00:00,2026-01-04 20:00:00.000000 UTC,2026-01-21 14:58:27.781105 UTC
0022500496,2026-01-04T00:00:00,2026-01-04 20:30:00.000000 UTC,2026-01-21 14:58:27.781105 UTC
0022500498,2026-01-04T00:00:00,2026-01-04 23:00:00.000000 UTC,2026-01-21 14:58:27.781105 UTC
0022500497,2026-01-04T00:00:00,2026-01-04 23:00:00.000000 UTC,2026-01-21 14:58:27.781105 UTC
0022500499,2026-01-04T00:00:00,2026-01-05 01:00:00.000000 UTC,2026-01-21 14:58:27.781105 UTC
0022500500,2026-01-04T00:00:00,2026-01-05 02:00:00.000000 UTC,2026-01-21 14:58:27.781105 UTC
0022500501,2026-01-04T00:00:00,2026-01-05 02:30:00.000000 UTC,2026-01-21 14:58:27.781105 UTC
0022500502,2026-01-05T00:00:00,2026-01-06 00:00:00.000000 UTC,2026-01-21 14:58:27.781105 UTC
0022500504,2026-01-05T00:00:00,2026-01-06 00:30:00.000000 UTC,2026-01-21 14:58:27.781105 UTC
0022500503,2026-01-05T00:00:00,2026-01-06 00:30:00.000000 UTC,2026-01-21 14:58:27.781105 UTC
0022500506,2026-01-05T00:00:00,2026-01-06 01:00:00.000000 UTC,2026-01-21 14:58:27.781105 UTC
0022500505,2026-01-05T00:00:00,2026-01-06 01:00:00.000000 UTC,2026-01-21 14:58:27.781105 UTC
0022500507,2026-01-05T00:00:00,2026-01-06 01:30:00.000000 UTC,2026-01-21 14:58:27.781105 UTC
0022500508,2026-01-05T00:00:00,2026-01-06 03:00:00.000000 UTC,2026-01-21 14:58:27.781105 UTC
0022500509,2026-01-05T00:00:00,2026-01-06 03:00:00.000000 UTC,2026-01-21 14:58:27.781105 UTC
0022500510,2026-01-06T00:00:00,2026-01-07 00:00:00.000000 UTC,2026-01-21 14:58:27.781105 UTC
0022500511,2026-01-06T00:00:00,2026-01-07 00:00:00.000000 UTC,2026-01-21 14:58:27.781105 UTC
0022500512,2026-01-06T00:00:00,2026-01-07 01:00:00.000000 UTC,2026-01-21 14:58:27.781105 UTC
0022500513,2026-01-06T00:00:00,2026-01-07 01:00:00.000000 UTC,2026-01-21 14:58:27.781105 UTC
0022500514,2026-01-06T00:00:00,2026-01-07 01:00:00.000000 UTC,2026-01-21 14:58:27.781105 UTC
0022500515,2026-01-06T00:00:00,2026-01-07 04:00:00.000000 UTC,2026-01-21 14:58:27.781105 UTC
0022500517,2026-01-07T00:00:00,2026-01-08 00:00:00.000000 UTC,2026-01-21 14:58:27.781105 UTC
0022500516,2026-01-07T00:00:00,2026-01-08 00:00:00.000000 UTC,2026-01-21 14:58:27.781105 UTC
0022500518,2026-01-07T00:00:00,2026-01-08 00:00:00.000000 UTC,2026-01-21 14:58:27.781105 UTC
0022500520,2026-01-07T00:00:00,2026-01-08 00:00:00.000000 UTC,2026-01-21 14:58:27.781105 UTC
0022500521,2026-01-07T00:00:00,2026-01-08 00:30:00.000000 UTC,2026-01-21 14:58:27.781105 UTC
0022500519,2026-01-07T00:00:00,2026-01-08 00:30:00.000000 UTC,2026-01-21 14:58:27.781105 UTC
0022500522,2026-01-07T00:00:00,2026-01-08 00:30:00.000000 UTC,2026-01-21 14:58:27.781105 UTC
0022500525,2026-01-07T00:00:00,2026-01-08 01:00:00.000000 UTC,2026-01-21 14:58:27.781105 UTC
0022500524,2026-01-07T00:00:00,2026-01-08 01:00:00.000000 UTC,2026-01-21 14:58:27.781105 UTC
0022500523,2026-01-07T00:00:00,2026-01-08 02:30:00.000000 UTC,2026-01-21 14:58:27.781105 UTC
0022500527,2026-01-07T00:00:00,2026-01-08 03:00:00.000000 UTC,2026-01-21 14:58:27.781105 UTC
0022500526,2026-01-07T00:00:00,2026-01-08 03:00:00.000000 UTC,2026-01-21 14:58:27.781105 UTC
0022500528,2026-01-08T00:00:00,2026-01-09 00:00:00.000000 UTC,2026-01-21 14:58:27.781105 UTC
0022500530,2026-01-08T00:00:00,2026-01-09 01:00:00.000000 UTC,2026-01-21 14:58:27.781105 UTC
0022500531,2026-01-08T00:00:00,2026-01-09 02:00:00.000000 UTC,2026-01-21 14:58:27.781105 UTC
0022500533,2026-01-09T00:00:00,2026-01-10 00:00:00.000000 UTC,2026-01-21 14:58:27.781105 UTC
0022500534,2026-01-09T00:00:00,2026-01-10 00:00:00.000000 UTC,2026-01-21 14:58:27.781105 UTC
0022500532,2026-01-09T00:00:00,2026-01-10 00:00:00.000000 UTC,2026-01-21 14:58:27.781105 UTC
0022500535,2026-01-09T00:00:00,2026-01-10 00:30:00.000000 UTC,2026-01-21 14:58:27.781105 UTC
0022500536,2026-01-09T00:00:00,2026-01-10 01:00:00.000000 UTC,2026-01-21 14:58:27.781105 UTC
0022500537,2026-01-09T00:00:00,2026-01-10 02:00:00.000000 UTC,2026-01-21 14:58:27.781105 UTC
0022500538,2026-01-09T00:00:00,2026-01-10 02:00:00.000000 UTC,2026-01-21 14:58:27.781105 UTC
0022500540,2026-01-09T00:00:00,2026-01-10 03:00:00.000000 UTC,2026-01-21 14:58:27.781105 UTC
0022500539,2026-01-09T00:00:00,2026-01-10 03:00:00.000000 UTC,2026-01-21 14:58:27.781105 UTC
0022500541,2026-01-09T00:00:00,2026-01-10 03:30:00.000000 UTC,2026-01-21 14:58:27.781105 UTC
0022500542,2026-01-10T00:00:00,2026-01-10 18:00:00.000000 UTC,2026-01-21 14:58:27.781105 UTC
0022500543,2026-01-10T00:00:00,2026-01-11 00:00:00.000000 UTC,2026-01-21 14:58:27.781105 UTC
0022500544,2026-01-10T00:00:00,2026-01-11 00:30:00.000000 UTC,2026-01-21 14:58:27.781105 UTC
0022500545,2026-01-10T00:00:00,2026-01-11 01:00:00.000000 UTC,2026-01-21 14:58:27.781105 UTC
0022500546,2026-01-10T00:00:00,2026-01-11 01:00:00.000000 UTC,2026-01-21 14:58:27.781105 UTC
0022500547,2026-01-10T00:00:00,2026-01-11 02:30:00.000000 UTC,2026-01-21 14:58:27.781105 UTC
0022500548,2026-01-11T00:00:00,2026-01-11 20:00:00.000000 UTC,2026-01-21 14:58:27.781105 UTC
0022500549,2026-01-11T00:00:00,2026-01-11 20:30:00.000000 UTC,2026-01-21 14:58:27.781105 UTC
0022500550,2026-01-11T00:00:00,2026-01-11 23:00:00.000000 UTC,2026-01-21 14:58:27.781105 UTC
0022500551,2026-01-11T00:00:00,2026-01-11 23:00:00.000000 UTC,2026-01-21 14:58:27.781105 UTC
0022500553,2026-01-11T00:00:00,2026-01-12 00:00:00.000000 UTC,2026-01-21 14:58:27.781105 UTC
0022500552,2026-01-11T00:00:00,2026-01-12 00:00:00.000000 UTC,2026-01-21 14:58:27.781105 UTC
0022500554,2026-01-11T00:00:00,2026-01-12 01:00:00.000000 UTC,2026-01-21 14:58:27.781105 UTC
0022500555,2026-01-11T00:00:00,2026-01-12 01:00:00.000000 UTC,2026-01-21 14:58:27.781105 UTC
0022500556,2026-01-11T00:00:00,2026-01-12 01:30:00.000000 UTC,2026-01-21 14:58:27.781105 UTC
0022500557,2026-01-11T00:00:00,2026-01-12 02:00:00.000000 UTC,2026-01-21 14:58:27.781105 UTC
0022500558,2026-01-12T00:00:00,2026-01-13 00:00:00.000000 UTC,2026-01-21 14:58:27.781105 UTC
0022500560,2026-01-12T00:00:00,2026-01-13 00:30:00.000000 UTC,2026-01-21 14:58:27.781105 UTC
0022500559,2026-01-12T00:00:00,2026-01-13 00:30:00.000000 UTC,2026-01-21 14:58:27.781105 UTC
0022500561,2026-01-12T00:00:00,2026-01-13 01:30:00.000000 UTC,2026-01-21 14:58:27.781105 UTC
0022500562,2026-01-12T00:00:00,2026-01-13 03:00:00.000000 UTC,2026-01-21 14:58:27.781105 UTC
0022500563,2026-01-12T00:00:00,2026-01-13 03:30:00.000000 UTC,2026-01-21 14:58:27.781105 UTC
0022500564,2026-01-13T00:00:00,2026-01-14 00:30:00.000000 UTC,2026-01-21 14:58:27.781105 UTC
0022500566,2026-01-13T00:00:00,2026-01-14 01:00:00.000000 UTC,2026-01-21 14:58:27.781105 UTC
0022500565,2026-01-13T00:00:00,2026-01-14 01:00:00.000000 UTC,2026-01-21 14:58:27.781105 UTC
0022500568,2026-01-13T00:00:00,2026-01-14 01:00:00.000000 UTC,2026-01-21 14:58:27.781105 UTC
0022500567,2026-01-13T00:00:00,2026-01-14 01:00:00.000000 UTC,2026-01-21 14:58:27.781105 UTC
0022500569,2026-01-13T00:00:00,2026-01-14 03:30:00.000000 UTC,2026-01-21 14:58:27.781105 UTC
0022500570,2026-01-13T00:00:00,2026-01-14 04:00:00.000000 UTC,2026-01-21 14:58:27.781105 UTC
0022500571,2026-01-14T00:00:00,2026-01-15 00:00:00.000000 UTC,2026-01-21 14:58:27.781105 UTC
0022500572,2026-01-14T00:00:00,2026-01-15 00:00:00.000000 UTC,2026-01-21 14:58:27.781105 UTC
0022500573,2026-01-14T00:00:00,2026-01-15 01:00:00.000000 UTC,2026-01-21 14:58:27.781105 UTC
0022500574,2026-01-14T00:00:00,2026-01-15 01:00:00.000000 UTC,2026-01-21 14:58:27.781105 UTC
0022500575,2026-01-14T00:00:00,2026-01-15 02:30:00.000000 UTC,2026-01-21 14:58:27.781105 UTC
0022500576,2026-01-14T00:00:00,2026-01-15 03:00:00.000000 UTC,2026-01-21 14:58:27.781105 UTC
0022500577,2026-01-14T00:00:00,2026-01-15 03:30:00.000000 UTC,2026-01-21 14:58:27.781105 UTC
0022500578,2026-01-15T00:00:00,2026-01-15 19:00:00.000000 UTC,2026-01-21 14:58:27.781105 UTC
0022500579,2026-01-15T00:00:00,2026-01-16 00:00:00.000000 UTC,2026-01-21 14:58:27.781105 UTC
0022500581,2026-01-15T00:00:00,2026-01-16 00:30:00.000000 UTC,2026-01-21 14:58:27.781105 UTC
0022500580,2026-01-15T00:00:00,2026-01-16 00:30:00.000000 UTC,2026-01-21 14:58:27.781105 UTC
0022500582,2026-01-15T00:00:00,2026-01-16 01:00:00.000000 UTC,2026-01-21 14:58:27.781105 UTC
0022500583,2026-01-15T00:00:00,2026-01-16 01:30:00.000000 UTC,2026-01-21 14:58:27.781105 UTC
0022500584,2026-01-15T00:00:00,2026-01-16 03:00:00.000000 UTC,2026-01-21 14:58:27.781105 UTC
0022500585,2026-01-15T00:00:00,2026-01-16 03:00:00.000000 UTC,2026-01-21 14:58:27.781105 UTC
0022500586,2026-01-15T00:00:00,2026-01-16 03:30:00.000000 UTC,2026-01-21 14:58:27.781105 UTC
0022500588,2026-01-16T00:00:00,2026-01-17 00:00:00.000000 UTC,2026-01-21 14:58:27.781105 UTC
0022500589,2026-01-16T00:00:00,2026-01-17 00:00:00.000000 UTC,2026-01-21 14:58:27.781105 UTC
0022500587,2026-01-16T00:00:00,2026-01-17 00:30:00.000000 UTC,2026-01-21 14:58:27.781105 UTC
0022500590,2026-01-16T00:00:00,2026-01-17 00:30:00.000000 UTC,2026-01-21 14:58:27.781105 UTC
0022500591,2026-01-16T00:00:00,2026-01-17 02:30:00.000000 UTC,2026-01-21 14:58:27.781105 UTC
0022500592,2026-01-16T00:00:00,2026-01-17 03:00:00.000000 UTC,2026-01-21 14:58:27.781105 UTC
0022500593,2026-01-17T00:00:00,2026-01-17 22:00:00.000000 UTC,2026-01-21 14:58:27.781105 UTC
0022500595,2026-01-17T00:00:00,2026-01-18 00:30:00.000000 UTC,2026-01-21 14:58:27.781105 UTC
0022500596,2026-01-17T00:00:00,2026-01-18 00:30:00.000000 UTC,2026-01-21 14:58:27.781105 UTC
0022500594,2026-01-17T00:00:00,2026-01-18 00:30:00.000000 UTC,2026-01-21 14:58:27.781105 UTC
0022500597,2026-01-17T00:00:00,2026-01-18 01:00:00.000000 UTC,2026-01-21 14:58:27.781105 UTC
0022500598,2026-01-17T00:00:00,2026-01-18 01:00:00.000000 UTC,2026-01-21 14:58:27.781105 UTC
0022500599,2026-01-17T00:00:00,2026-01-18 01:30:00.000000 UTC,2026-01-21 14:58:27.781105 UTC
0022500600,2026-01-17T00:00:00,2026-01-18 02:00:00.000000 UTC,2026-01-21 14:58:27.781105 UTC
0022500601,2026-01-17T00:00:00,2026-01-18 03:00:00.000000 UTC,2026-01-21 14:58:27.781105 UTC
0022500602,2026-01-18T00:00:00,2026-01-18 17:00:00.000000 UTC,2026-01-21 14:58:27.781105 UTC
0022500604,2026-01-18T00:00:00,2026-01-19 00:00:00.000000 UTC,2026-01-21 14:58:27.781105 UTC
0022500603,2026-01-18T00:00:00,2026-01-19 00:00:00.000000 UTC,2026-01-21 14:58:27.781105 UTC
0022500605,2026-01-18T00:00:00,2026-01-19 01:00:00.000000 UTC,2026-01-21 14:58:27.781105 UTC
0022500606,2026-01-18T00:00:00,2026-01-19 02:00:00.000000 UTC,2026-01-21 14:58:27.781105 UTC
0022500607,2026-01-18T00:00:00,2026-01-19 02:30:00.000000 UTC,2026-01-21 14:58:27.781105 UTC
0022500014,2026-01-19T00:00:00,2026-01-19 18:00:00.000000 UTC,2026-01-21 14:58:27.781105 UTC
0022500015,2026-01-19T00:00:00,2026-01-19 19:30:00.000000 UTC,2026-01-21 14:58:27.781105 UTC
0022500608,2026-01-19T00:00:00,2026-01-19 20:00:00.000000 UTC,2026-01-21 14:58:27.781105 UTC
0022500016,2026-01-19T00:00:00,2026-01-19 22:00:00.000000 UTC,2026-01-21 14:58:27.781105 UTC
0022500611,2026-01-19T00:00:00,2026-01-19 22:00:00.000000 UTC,2026-01-21 14:58:27.781105 UTC
0022500609,2026-01-19T00:00:00,2026-01-20 00:00:00.000000 UTC,2026-01-21 14:58:27.781105 UTC
0022500610,2026-01-19T00:00:00,2026-01-20 00:30:00.000000 UTC,2026-01-21 14:58:27.781105 UTC
0022500017,2026-01-19T00:00:00,2026-01-20 01:00:00.000000 UTC,2026-01-21 14:58:27.781105 UTC
0022500612,2026-01-19T00:00:00,2026-01-20 03:00:00.000000 UTC,2026-01-21 14:58:27.781105 UTC
0022500613,2026-01-20T00:00:00,2026-01-21 00:00:00.000000 UTC,2026-01-21 15:17:07.651611 UTC
0022500614,2026-01-20T00:00:00,2026-01-21 01:00:00.000000 UTC,2026-01-21 15:17:07.651611 UTC
0022500615,2026-01-20T00:00:00,2026-01-21 01:00:00.000000 UTC,2026-01-21 15:17:07.651611 UTC
0022500616,2026-01-20T00:00:00,2026-01-21 02:00:00.000000 UTC,2026-01-21 15:17:07.651611 UTC
0022500619,2026-01-20T00:00:00,2026-01-21 03:00:00.000000 UTC,2026-01-21 15:17:07.651611 UTC
0022500617,2026-01-20T00:00:00,2026-01-21 03:00:00.000000 UTC,2026-01-21 15:17:07.651611 UTC
0022500618,2026-01-20T00:00:00,2026-01-21 03:00:00.000000 UTC,2026-01-21 15:17:07.651611 UTC
0022500620,2026-01-21T00:00:00,2026-01-22 00:00:00.000000 UTC,2026-01-22 10:00:14.102059 UTC
0022500622,2026-01-21T00:00:00,2026-01-22 00:30:00.000000 UTC,2026-01-22 10:00:14.102059 UTC
0022500621,2026-01-21T00:00:00,2026-01-22 00:30:00.000000 UTC,2026-01-22 10:00:14.102059 UTC
0022500624,2026-01-21T00:00:00,2026-01-22 01:00:00.000000 UTC,2026-01-22 10:00:14.102059 UTC
0022500623,2026-01-21T00:00:00,2026-01-22 01:00:00.000000 UTC,2026-01-22 10:00:14.102059 UTC
0022500625,2026-01-21T00:00:00,2026-01-22 02:30:00.000000 UTC,2026-01-22 10:00:14.102059 UTC
0022500626,2026-01-21T00:00:00,2026-01-22 03:00:00.000000 UTC,2026-01-22 10:00:14.102059 UTC
0022500817,2026-02-22T00:00:00,2026-02-22 18:00:00.000000 UTC,2026-02-23 10:00:14.288150 UTC
0022500818,2026-02-22T00:00:00,2026-02-22 20:30:00.000000 UTC,2026-02-23 10:00:14.288150 UTC
0022500820,2026-02-22T00:00:00,2026-02-22 20:30:00.000000 UTC,2026-02-23 10:00:14.288150 UTC
0022500819,2026-02-22T00:00:00,2026-02-22 20:30:00.000000 UTC,2026-02-23 10:00:14.288150 UTC
0022500821,2026-02-22T00:00:00,2026-02-22 22:00:00.000000 UTC,2026-02-23 10:00:14.288150 UTC
0022500822,2026-02-22T00:00:00,2026-02-22 23:00:00.000000 UTC,2026-02-23 10:00:14.288150 UTC
0022500823,2026-02-22T00:00:00,2026-02-22 23:30:00.000000 UTC,2026-02-23 10:00:14.288150 UTC
0022500824,2026-02-22T00:00:00,2026-02-23 00:00:00.000000 UTC,2026-02-23 10:00:14.288150 UTC
0022500826,2026-02-22T00:00:00,2026-02-23 01:00:00.000000 UTC,2026-02-23 10:00:14.288150 UTC
0022500825,2026-02-22T00:00:00,2026-02-23 01:00:00.000000 UTC,2026-02-23 10:00:14.288150 UTC
0022500827,2026-02-22T00:00:00,2026-02-23 02:00:00.000000 UTC,2026-02-23 10:00:14.288150 UTC
0022500842,2026-02-25T00:00:00,2026-02-26 00:30:00.000000 UTC,2026-02-26 10:00:13.568726 UTC
0022500844,2026-02-25T00:00:00,2026-02-26 00:30:00.000000 UTC,2026-02-26 10:00:13.568726 UTC
0022500843,2026-02-25T00:00:00,2026-02-26 00:30:00.000000 UTC,2026-02-26 10:00:13.568726 UTC
0022500845,2026-02-25T00:00:00,2026-02-26 01:00:00.000000 UTC,2026-02-26 10:00:13.568726 UTC
0022500846,2026-02-25T00:00:00,2026-02-26 01:00:00.000000 UTC,2026-02-26 10:00:13.568726 UTC
0022500847,2026-02-25T00:00:00,2026-02-26 03:00:00.000000 UTC,2026-02-26 10:00:13.568726 UTC
0022500831,2026-02-24T00:00:00,2026-02-25 00:00:00.000000 UTC,2026-02-25 10:00:13.691585 UTC
0022500834,2026-02-24T00:00:00,2026-02-25 00:30:00.000000 UTC,2026-02-25 10:00:13.691585 UTC
0022500835,2026-02-24T00:00:00,2026-02-25 00:30:00.000000 UTC,2026-02-25 10:00:13.691585 UTC
0022500833,2026-02-24T00:00:00,2026-02-25 00:30:00.000000 UTC,2026-02-25 10:00:13.691585 UTC
0022500832,2026-02-24T00:00:00,2026-02-25 00:30:00.000000 UTC,2026-02-25 10:00:13.691585 UTC
0022500837,2026-02-24T00:00:00,2026-02-25 01:00:00.000000 UTC,2026-02-25 10:00:13.691585 UTC
0022500836,2026-02-24T00:00:00,2026-02-25 01:00:00.000000 UTC,2026-02-25 10:00:13.691585 UTC
0022500838,2026-02-24T00:00:00,2026-02-25 01:00:00.000000 UTC,2026-02-25 10:00:13.691585 UTC
0022500839,2026-02-24T00:00:00,2026-02-25 02:00:00.000000 UTC,2026-02-25 10:00:13.691585 UTC
0022500841,2026-02-24T00:00:00,2026-02-25 03:00:00.000000 UTC,2026-02-25 10:00:13.691585 UTC
0022500840,2026-02-24T00:00:00,2026-02-25 03:30:00.000000 UTC,2026-02-25 10:00:13.691585 UTC
0022500812,2026-02-21T00:00:00,2026-02-22 00:00:00.000000 UTC,2026-02-22 10:00:13.327872 UTC
0022500816,2026-02-21T00:00:00,2026-02-22 01:30:00.000000 UTC,2026-02-22 10:00:13.327872 UTC
0022500815,2026-02-21T00:00:00,2026-02-22 01:00:00.000000 UTC,2026-02-22 10:00:13.327872 UTC
0022500814,2026-02-21T00:00:00,2026-02-22 01:00:00.000000 UTC,2026-02-22 10:00:13.327872 UTC
0022500813,2026-02-21T00:00:00,2026-02-22 01:00:00.000000 UTC,2026-02-22 10:00:13.327872 UTC
0022500811,2026-02-21T00:00:00,2026-02-21 22:00:00.000000 UTC,2026-02-22 10:00:13.327872 UTC
0022500830,2026-02-23T00:00:00,2026-02-24 02:30:00.000000 UTC,2026-02-24 10:00:12.987852 UTC
0022500829,2026-02-23T00:00:00,2026-02-24 01:00:00.000000 UTC,2026-02-24 10:00:12.987852 UTC
0022500828,2026-02-23T00:00:00,2026-02-24 00:00:00.000000 UTC,2026-02-24 10:00:12.987852 UTC
0022500792,2026-02-19T00:00:00,2026-02-20 00:00:00.000000 UTC,2026-02-20 10:00:13.603509 UTC
0022500793,2026-02-19T00:00:00,2026-02-20 00:00:00.000000 UTC,2026-02-20 10:00:13.603509 UTC
0022500794,2026-02-19T00:00:00,2026-02-20 00:00:00.000000 UTC,2026-02-20 10:00:13.603509 UTC
0022500795,2026-02-19T00:00:00,2026-02-20 00:00:00.000000 UTC,2026-02-20 10:00:13.603509 UTC
0022500796,2026-02-19T00:00:00,2026-02-20 00:30:00.000000 UTC,2026-02-20 10:00:13.603509 UTC
0022500797,2026-02-19T00:00:00,2026-02-20 01:00:00.000000 UTC,2026-02-20 10:00:13.603509 UTC
0022500798,2026-02-19T00:00:00,2026-02-20 01:30:00.000000 UTC,2026-02-20 10:00:13.603509 UTC
0022500800,2026-02-19T00:00:00,2026-02-20 03:00:00.000000 UTC,2026-02-20 10:00:13.603509 UTC
0022500799,2026-02-19T00:00:00,2026-02-20 03:00:00.000000 UTC,2026-02-20 10:00:13.603509 UTC
0022500801,2026-02-19T00:00:00,2026-02-20 03:30:00.000000 UTC,2026-02-20 10:00:13.603509 UTC
0022500803,2026-02-20T00:00:00,2026-02-21 00:00:00.000000 UTC,2026-02-21 10:00:13.088451 UTC
0022500802,2026-02-20T00:00:00,2026-02-21 00:00:00.000000 UTC,2026-02-21 10:00:13.088451 UTC
0022500804,2026-02-20T00:00:00,2026-02-21 00:00:00.000000 UTC,2026-02-21 10:00:13.088451 UTC
0022500805,2026-02-20T00:00:00,2026-02-21 00:30:00.000000 UTC,2026-02-21 10:00:13.088451 UTC
0022500806,2026-02-20T00:00:00,2026-02-21 00:30:00.000000 UTC,2026-02-21 10:00:13.088451 UTC
0022500807,2026-02-20T00:00:00,2026-02-21 01:00:00.000000 UTC,2026-02-21 10:00:13.088451 UTC
0022500808,2026-02-20T00:00:00,2026-02-21 01:00:00.000000 UTC,2026-02-21 10:00:13.088451 UTC
0022500809,2026-02-20T00:00:00,2026-02-21 03:00:00.000000 UTC,2026-02-21 10:00:13.088451 UTC
0022500810,2026-02-20T00:00:00,2026-02-21 03:00:00.000000 UTC,2026-02-21 10:00:13.088451 UTC
0022500848,2026-02-26T00:00:00,2026-02-27 00:00:00.000000 UTC,2026-02-27 10:00:13.083990 UTC
0022500849,2026-02-26T00:00:00,2026-02-27 00:00:00.000000 UTC,2026-02-27 10:00:13.083990 UTC
0022500851,2026-02-26T00:00:00,2026-02-27 00:30:00.000000 UTC,2026-02-27 10:00:13.083990 UTC
0022500850,2026-02-26T00:00:00,2026-02-27 00:30:00.000000 UTC,2026-02-27 10:00:13.083990 UTC
0022500852,2026-02-26T00:00:00,2026-02-27 00:30:00.000000 UTC,2026-02-27 10:00:13.083990 UTC
0022500853,2026-02-26T00:00:00,2026-02-27 01:00:00.000000 UTC,2026-02-27 10:00:13.083990 UTC
0022500854,2026-02-26T00:00:00,2026-02-27 01:30:00.000000 UTC,2026-02-27 10:00:13.083990 UTC
0022500855,2026-02-26T00:00:00,2026-02-27 02:00:00.000000 UTC,2026-02-27 10:00:13.083990 UTC
0022500856,2026-02-26T00:00:00,2026-02-27 02:00:00.000000 UTC,2026-02-27 10:00:13.083990 UTC
0022500857,2026-02-26T00:00:00,2026-02-27 03:00:00.000000 UTC,2026-02-27 10:00:13.083990 UTC
0022500858,2026-02-27T00:00:00,2026-02-28 00:00:00.000000 UTC,2026-02-28 10:00:14.967816 UTC
0022500859,2026-02-27T00:00:00,2026-02-28 00:30:00.000000 UTC,2026-02-28 10:00:14.967816 UTC
0022500860,2026-02-27T00:00:00,2026-02-28 01:00:00.000000 UTC,2026-02-28 10:00:14.967816 UTC
0022500861,2026-02-27T00:00:00,2026-02-28 01:30:00.000000 UTC,2026-02-28 10:00:14.967816 UTC
0022500862,2026-02-27T00:00:00,2026-02-28 02:30:00.000000 UTC,2026-02-28 10:00:14.967816 UTC
0022500863,2026-02-28T00:00:00,2026-02-28 18:00:00.000000 UTC,2026-03-01 10:00:12.583088 UTC
0022500864,2026-02-28T00:00:00,2026-02-28 20:30:00.000000 UTC,2026-03-01 10:00:12.583088 UTC
0022500865,2026-02-28T00:00:00,2026-03-01 00:00:00.000000 UTC,2026-03-01 10:00:12.583088 UTC
0022500866,2026-02-28T00:00:00,2026-03-01 01:30:00.000000 UTC,2026-03-01 10:00:12.583088 UTC
0022500867,2026-02-28T00:00:00,2026-03-01 02:30:00.000000 UTC,2026-03-01 10:00:12.583088 UTC
0022500868,2026-03-01T00:00:00,2026-03-01 18:00:00.000000 UTC,2026-03-02 10:00:13.558929 UTC
0022500871,2026-03-01T00:00:00,2026-03-01 20:30:00.000000 UTC,2026-03-02 10:00:13.558929 UTC
0022500870,2026-03-01T00:00:00,2026-03-01 20:30:00.000000 UTC,2026-03-02 10:00:13.558929 UTC
0022500869,2026-03-01T00:00:00,2026-03-01 20:30:00.000000 UTC,2026-03-02 10:00:13.558929 UTC
0022500872,2026-03-01T00:00:00,2026-03-01 22:00:00.000000 UTC,2026-03-02 10:00:13.558929 UTC
0022500875,2026-03-01T00:00:00,2026-03-01 23:00:00.000000 UTC,2026-03-02 10:00:13.558929 UTC
0022500873,2026-03-01T00:00:00,2026-03-01 23:00:00.000000 UTC,2026-03-02 10:00:13.558929 UTC
0022500876,2026-03-01T00:00:00,2026-03-02 01:00:00.000000 UTC,2026-03-02 10:00:13.558929 UTC
0022500874,2026-03-01T00:00:00,2026-03-02 01:00:00.000000 UTC,2026-03-02 10:00:13.558929 UTC
0022500877,2026-03-01T00:00:00,2026-03-02 02:00:00.000000 UTC,2026-03-02 10:00:13.558929 UTC
0022500878,2026-03-01T00:00:00,2026-03-02 02:30:00.000000 UTC,2026-03-02 10:00:13.558929 UTC
0022500879,2026-03-02T00:00:00,2026-03-03 00:00:00.000000 UTC,2026-03-03 10:00:13.161637 UTC
0022500880,2026-03-02T00:00:00,2026-03-03 00:30:00.000000 UTC,2026-03-03 10:00:13.161637 UTC
0022500881,2026-03-02T00:00:00,2026-03-03 02:00:00.000000 UTC,2026-03-03 10:00:13.161637 UTC
0022500882,2026-03-02T00:00:00,2026-03-03 03:00:00.000000 UTC,2026-03-03 10:00:13.161637 UTC
0022500733,2026-02-05T00:00:00,2026-02-06 00:00:00.000000 UTC,2026-02-06 10:00:13.896326 UTC
0022500734,2026-02-05T00:00:00,2026-02-06 00:00:00.000000 UTC,2026-02-06 10:00:13.896326 UTC
0022500736,2026-02-05T00:00:00,2026-02-06 00:30:00.000000 UTC,2026-02-06 10:00:13.896326 UTC
0022500735,2026-02-05T00:00:00,2026-02-06 00:30:00.000000 UTC,2026-02-06 10:00:13.896326 UTC
0022500737,2026-02-05T00:00:00,2026-02-06 01:00:00.000000 UTC,2026-02-06 10:00:13.896326 UTC
0022500738,2026-02-05T00:00:00,2026-02-06 01:30:00.000000 UTC,2026-02-06 10:00:13.896326 UTC
0022500739,2026-02-05T00:00:00,2026-02-06 03:00:00.000000 UTC,2026-02-06 10:00:13.896326 UTC
0022500740,2026-02-05T00:00:00,2026-02-06 03:00:00.000000 UTC,2026-02-06 10:00:13.896326 UTC
0022500702,2026-02-01T00:00:00,2026-02-01 20:30:00.000000 UTC,2026-02-02 10:00:12.586634 UTC
0022500705,2026-02-01T00:00:00,2026-02-01 23:00:00.000000 UTC,2026-02-02 10:00:12.586634 UTC
0022500704,2026-02-01T00:00:00,2026-02-01 23:00:00.000000 UTC,2026-02-02 10:00:12.586634 UTC
0022500707,2026-02-01T00:00:00,2026-02-01 23:00:00.000000 UTC,2026-02-02 10:00:12.586634 UTC
0022500706,2026-02-01T00:00:00,2026-02-01 23:00:00.000000 UTC,2026-02-02 10:00:12.586634 UTC
0022500708,2026-02-01T00:00:00,2026-02-02 00:00:00.000000 UTC,2026-02-02 10:00:12.586634 UTC
0022500709,2026-02-01T00:00:00,2026-02-02 01:00:00.000000 UTC,2026-02-02 10:00:12.586634 UTC
0022500703,2026-02-01T00:00:00,2026-02-02 02:00:00.000000 UTC,2026-02-02 10:00:12.586634 UTC
0022500710,2026-02-01T00:00:00,2026-02-02 02:00:00.000000 UTC,2026-02-02 10:00:12.586634 UTC
0022500711,2026-02-01T00:00:00,2026-02-02 02:30:00.000000 UTC,2026-02-02 10:00:12.586634 UTC
0022500715,2026-02-02T00:00:00,2026-02-03 03:00:00.000000 UTC,2026-02-03 10:00:12.475720 UTC
0022500713,2026-02-02T00:00:00,2026-02-03 00:00:00.000000 UTC,2026-02-03 10:00:12.475720 UTC
0022500712,2026-02-02T00:00:00,2026-02-02 20:00:00.000000 UTC,2026-02-03 10:00:12.475720 UTC
0022500714,2026-02-02T00:00:00,2026-02-03 00:30:00.000000 UTC,2026-02-03 10:00:12.475720 UTC
0022500718,2026-02-03T00:00:00,2026-02-04 00:00:00.000000 UTC,2026-02-04 10:00:14.047551 UTC
0022500717,2026-02-03T00:00:00,2026-02-04 00:00:00.000000 UTC,2026-02-04 10:00:14.047551 UTC
0022500716,2026-02-03T00:00:00,2026-02-04 00:00:00.000000 UTC,2026-02-04 10:00:14.047551 UTC
0022500719,2026-02-03T00:00:00,2026-02-04 00:30:00.000000 UTC,2026-02-04 10:00:14.047551 UTC
0022500720,2026-02-03T00:00:00,2026-02-04 00:30:00.000000 UTC,2026-02-04 10:00:14.047551 UTC
0022500722,2026-02-03T00:00:00,2026-02-04 01:00:00.000000 UTC,2026-02-04 10:00:14.047551 UTC
0022500723,2026-02-03T00:00:00,2026-02-04 01:00:00.000000 UTC,2026-02-04 10:00:14.047551 UTC
0022500721,2026-02-03T00:00:00,2026-02-04 01:00:00.000000 UTC,2026-02-04 10:00:14.047551 UTC
0022500724,2026-02-03T00:00:00,2026-02-04 03:00:00.000000 UTC,2026-02-04 10:00:14.047551 UTC
0022500725,2026-02-03T00:00:00,2026-02-04 04:00:00.000000 UTC,2026-02-04 10:00:14.047551 UTC
0022500726,2026-02-04T00:00:00,2026-02-05 00:00:00.000000 UTC,2026-02-05 10:00:13.467420 UTC
0022500727,2026-02-04T00:00:00,2026-02-05 00:30:00.000000 UTC,2026-02-05 10:00:13.467420 UTC
0022500728,2026-02-04T00:00:00,2026-02-05 01:00:00.000000 UTC,2026-02-05 10:00:13.467420 UTC
0022500729,2026-02-04T00:00:00,2026-02-05 01:00:00.000000 UTC,2026-02-05 10:00:13.467420 UTC
0022500730,2026-02-04T00:00:00,2026-02-05 02:30:00.000000 UTC,2026-02-05 10:00:13.467420 UTC
0022500731,2026-02-04T00:00:00,2026-02-05 03:00:00.000000 UTC,2026-02-05 10:00:13.467420 UTC
0022500732,2026-02-04T00:00:00,2026-02-05 03:30:00.000000 UTC,2026-02-05 10:00:13.467420 UTC
0022500747,2026-02-07T00:00:00,2026-02-07 20:00:00.000000 UTC,2026-02-08 10:00:13.867992 UTC
0022500748,2026-02-07T00:00:00,2026-02-07 20:30:00.000000 UTC,2026-02-08 10:00:13.867992 UTC
0022500749,2026-02-07T00:00:00,2026-02-07 23:00:00.000000 UTC,2026-02-08 10:00:13.867992 UTC
0022500750,2026-02-07T00:00:00,2026-02-08 00:00:00.000000 UTC,2026-02-08 10:00:13.867992 UTC
0022500751,2026-02-07T00:00:00,2026-02-08 00:30:00.000000 UTC,2026-02-08 10:00:13.867992 UTC
0022500752,2026-02-07T00:00:00,2026-02-08 01:00:00.000000 UTC,2026-02-08 10:00:13.867992 UTC
0022500753,2026-02-07T00:00:00,2026-02-08 01:30:00.000000 UTC,2026-02-08 10:00:13.867992 UTC
0022500754,2026-02-07T00:00:00,2026-02-08 02:00:00.000000 UTC,2026-02-08 10:00:13.867992 UTC
0022500756,2026-02-07T00:00:00,2026-02-08 03:00:00.000000 UTC,2026-02-08 10:00:13.867992 UTC
0022500755,2026-02-07T00:00:00,2026-02-08 03:00:00.000000 UTC,2026-02-08 10:00:13.867992 UTC
0022500742,2026-02-06T00:00:00,2026-02-07 00:30:00.000000 UTC,2026-02-07 10:00:13.620927 UTC
0022500741,2026-02-06T00:00:00,2026-02-07 00:30:00.000000 UTC,2026-02-07 10:00:13.620927 UTC
0022500744,2026-02-06T00:00:00,2026-02-07 01:00:00.000000 UTC,2026-02-07 10:00:13.620927 UTC
0022500743,2026-02-06T00:00:00,2026-02-07 01:00:00.000000 UTC,2026-02-07 10:00:13.620927 UTC
0022500746,2026-02-06T00:00:00,2026-02-07 03:00:00.000000 UTC,2026-02-07 10:00:13.620927 UTC
0022500745,2026-02-06T00:00:00,2026-02-07 03:00:00.000000 UTC,2026-02-07 10:00:13.620927 UTC
0022500758,2026-02-08T00:00:00,2026-02-08 19:00:00.000000 UTC,2026-02-09 10:00:12.460382 UTC
0022500759,2026-02-08T00:00:00,2026-02-08 20:00:00.000000 UTC,2026-02-09 10:00:12.460382 UTC
0022500760,2026-02-08T00:00:00,2026-02-08 20:00:00.000000 UTC,2026-02-09 10:00:12.460382 UTC
0022500757,2026-02-08T00:00:00,2026-02-08 17:30:00.000000 UTC,2026-02-09 10:00:12.460382 UTC
0022500761,2026-02-09T00:00:00,2026-02-10 00:00:00.000000 UTC,2026-02-10 10:00:13.235260 UTC
0022500764,2026-02-09T00:00:00,2026-02-10 00:30:00.000000 UTC,2026-02-10 10:00:13.235260 UTC
0022500763,2026-02-09T00:00:00,2026-02-10 00:30:00.000000 UTC,2026-02-10 10:00:13.235260 UTC
0022500762,2026-02-09T00:00:00,2026-02-10 00:30:00.000000 UTC,2026-02-10 10:00:13.235260 UTC
0022500765,2026-02-09T00:00:00,2026-02-10 01:00:00.000000 UTC,2026-02-10 10:00:13.235260 UTC
0022500766,2026-02-09T00:00:00,2026-02-10 01:00:00.000000 UTC,2026-02-10 10:00:13.235260 UTC
0022500767,2026-02-09T00:00:00,2026-02-10 02:00:00.000000 UTC,2026-02-10 10:00:13.235260 UTC
0022500769,2026-02-09T00:00:00,2026-02-10 03:00:00.000000 UTC,2026-02-10 10:00:13.235260 UTC
0022500768,2026-02-09T00:00:00,2026-02-10 03:00:00.000000 UTC,2026-02-10 10:00:13.235260 UTC
0022500770,2026-02-09T00:00:00,2026-02-10 03:00:00.000000 UTC,2026-02-10 10:00:13.235260 UTC
0022500772,2026-02-10T00:00:00,2026-02-11 01:00:00.000000 UTC,2026-02-11 10:00:13.680065 UTC
0022500773,2026-02-10T00:00:00,2026-02-11 02:00:00.000000 UTC,2026-02-11 10:00:13.680065 UTC
0022500771,2026-02-10T00:00:00,2026-02-11 00:30:00.000000 UTC,2026-02-11 10:00:13.680065 UTC
0022500774,2026-02-10T00:00:00,2026-02-11 03:30:00.000000 UTC,2026-02-11 10:00:13.680065 UTC
0022500664,2026-01-27T00:00:00,2026-01-28 00:00:00.000000 UTC,2026-01-28 10:00:17.070968 UTC
0022500665,2026-01-27T00:00:00,2026-01-28 00:30:00.000000 UTC,2026-01-28 10:00:17.070968 UTC
0022500666,2026-01-27T00:00:00,2026-01-28 01:00:00.000000 UTC,2026-01-28 10:00:17.070968 UTC
0022500667,2026-01-27T00:00:00,2026-01-28 01:00:00.000000 UTC,2026-01-28 10:00:17.070968 UTC
0022500669,2026-01-27T00:00:00,2026-01-28 02:00:00.000000 UTC,2026-01-28 10:00:17.070968 UTC
0022500668,2026-01-27T00:00:00,2026-01-28 02:00:00.000000 UTC,2026-01-28 10:00:17.070968 UTC
0022500670,2026-01-27T00:00:00,2026-01-28 03:00:00.000000 UTC,2026-01-28 10:00:17.070968 UTC
0022500688,2026-01-30T00:00:00,2026-01-31 00:00:00.000000 UTC,2026-01-31 10:00:15.123403 UTC
0022500690,2026-01-30T00:00:00,2026-01-31 00:30:00.000000 UTC,2026-01-31 10:00:15.123403 UTC
0022500691,2026-01-30T00:00:00,2026-01-31 00:30:00.000000 UTC,2026-01-31 10:00:15.123403 UTC
0022500689,2026-01-30T00:00:00,2026-01-31 00:30:00.000000 UTC,2026-01-31 10:00:15.123403 UTC
0022500687,2026-01-30T00:00:00,2026-01-31 00:30:00.000000 UTC,2026-01-31 10:00:15.123403 UTC
0022500695,2026-01-30T00:00:00,2026-01-31 02:00:00.000000 UTC,2026-01-31 10:00:15.123403 UTC
0022500693,2026-01-30T00:00:00,2026-01-31 02:00:00.000000 UTC,2026-01-31 10:00:15.123403 UTC
0022500694,2026-01-30T00:00:00,2026-01-31 02:30:00.000000 UTC,2026-01-31 10:00:15.123403 UTC
0022500696,2026-01-30T00:00:00,2026-01-31 03:00:00.000000 UTC,2026-01-31 10:00:15.123403 UTC
0022500697,2026-01-31T00:00:00,2026-01-31 17:00:00.000000 UTC,2026-02-01 10:00:17.776232 UTC
0022500698,2026-01-31T00:00:00,2026-02-01 00:00:00.000000 UTC,2026-02-01 10:00:17.776232 UTC
0022500699,2026-01-31T00:00:00,2026-02-01 00:30:00.000000 UTC,2026-02-01 10:00:17.776232 UTC
0022500692,2026-01-31T00:00:00,2026-02-01 01:00:00.000000 UTC,2026-02-01 10:00:17.776232 UTC
0022500700,2026-01-31T00:00:00,2026-02-01 01:00:00.000000 UTC,2026-02-01 10:00:17.776232 UTC
0022500701,2026-01-31T00:00:00,2026-02-01 01:30:00.000000 UTC,2026-02-01 10:00:17.776232 UTC
0022500681,2026-01-29T00:00:00,2026-01-30 00:00:00.000000 UTC,2026-01-30 10:00:19.488936 UTC
0022500680,2026-01-29T00:00:00,2026-01-30 00:00:00.000000 UTC,2026-01-30 10:00:19.488936 UTC
0022500682,2026-01-29T00:00:00,2026-01-30 01:00:00.000000 UTC,2026-01-30 10:00:19.488936 UTC
0022500529,2026-01-29T00:00:00,2026-01-30 01:00:00.000000 UTC,2026-01-30 10:00:19.488936 UTC
0022500683,2026-01-29T00:00:00,2026-01-30 01:30:00.000000 UTC,2026-01-30 10:00:19.488936 UTC
0022500684,2026-01-29T00:00:00,2026-01-30 02:00:00.000000 UTC,2026-01-30 10:00:19.488936 UTC
0022500685,2026-01-29T00:00:00,2026-01-30 02:00:00.000000 UTC,2026-01-30 10:00:19.488936 UTC
0022500686,2026-01-29T00:00:00,2026-01-30 02:30:00.000000 UTC,2026-01-30 10:00:19.488936 UTC
0022500672,2026-01-28T00:00:00,2026-01-29 00:00:00.000000 UTC,2026-01-29 10:00:15.620196 UTC
0022500671,2026-01-28T00:00:00,2026-01-29 00:00:00.000000 UTC,2026-01-29 10:00:15.620196 UTC
0022500675,2026-01-28T00:00:00,2026-01-29 00:30:00.000000 UTC,2026-01-29 10:00:15.620196 UTC
0022500674,2026-01-28T00:00:00,2026-01-29 00:30:00.000000 UTC,2026-01-29 10:00:15.620196 UTC
0022500673,2026-01-28T00:00:00,2026-01-29 00:30:00.000000 UTC,2026-01-29 10:00:15.620196 UTC
0022500676,2026-01-28T00:00:00,2026-01-29 01:00:00.000000 UTC,2026-01-29 10:00:15.620196 UTC
0022500677,2026-01-28T00:00:00,2026-01-29 01:30:00.000000 UTC,2026-01-29 10:00:15.620196 UTC
0022500678,2026-01-28T00:00:00,2026-01-29 02:00:00.000000 UTC,2026-01-29 10:00:15.620196 UTC
0022500679,2026-01-28T00:00:00,2026-01-29 02:30:00.000000 UTC,2026-01-29 10:00:15.620196 UTC
0022500650,2026-01-25T00:00:00,2026-01-25 20:00:00.000000 UTC,2026-01-26 10:00:13.858867 UTC
0022500655,2026-01-25T00:00:00,2026-01-26 01:00:00.000000 UTC,2026-01-26 10:00:13.858867 UTC
0022500652,2026-01-25T00:00:00,2026-01-26 00:00:00.000000 UTC,2026-01-26 10:00:13.858867 UTC
0022500654,2026-01-25T00:00:00,2026-01-26 00:00:00.000000 UTC,2026-01-26 10:00:13.858867 UTC
0022500653,2026-01-25T00:00:00,2026-01-26 00:00:00.000000 UTC,2026-01-26 10:00:13.858867 UTC
0022500644,2026-01-25T00:00:00,2026-01-25 22:30:00.000000 UTC,2026-01-26 10:00:13.858867 UTC
0022500651,2026-01-25T00:00:00,2026-01-25 20:30:00.000000 UTC,2026-01-26 10:00:13.858867 UTC
0022500656,2026-01-25T00:00:00,2026-01-26 02:00:00.000000 UTC,2026-01-26 10:00:13.858867 UTC
0022500643,2026-01-24T00:00:00,2026-01-24 20:00:00.000000 UTC,2026-01-25 10:00:14.065926 UTC
0022500645,2026-01-24T00:00:00,2026-01-24 17:00:00.000000 UTC,2026-01-25 10:00:14.065926 UTC
0022500647,2026-01-24T00:00:00,2026-01-25 01:00:00.000000 UTC,2026-01-25 10:00:14.065926 UTC
0022500646,2026-01-24T00:00:00,2026-01-25 00:00:00.000000 UTC,2026-01-25 10:00:14.065926 UTC
0022500649,2026-01-24T00:00:00,2026-01-25 02:30:00.000000 UTC,2026-01-25 10:00:14.065926 UTC
0022500648,2026-01-24T00:00:00,2026-01-25 01:30:00.000000 UTC,2026-01-25 10:00:14.065926 UTC
0022500627,2026-01-22T00:00:00,2026-01-23 00:00:00.000000 UTC,2026-01-23 10:00:15.187440 UTC
0022500628,2026-01-22T00:00:00,2026-01-23 00:00:00.000000 UTC,2026-01-23 10:00:15.187440 UTC
0022500629,2026-01-22T00:00:00,2026-01-23 00:00:00.000000 UTC,2026-01-23 10:00:15.187440 UTC
0022500630,2026-01-22T00:00:00,2026-01-23 00:30:00.000000 UTC,2026-01-23 10:00:15.187440 UTC
0022500631,2026-01-22T00:00:00,2026-01-23 01:00:00.000000 UTC,2026-01-23 10:00:15.187440 UTC
0022500632,2026-01-22T00:00:00,2026-01-23 02:00:00.000000 UTC,2026-01-23 10:00:15.187440 UTC
0022500633,2026-01-22T00:00:00,2026-01-23 03:00:00.000000 UTC,2026-01-23 10:00:15.187440 UTC
0022500634,2026-01-22T00:00:00,2026-01-23 03:00:00.000000 UTC,2026-01-23 10:00:15.187440 UTC
0022500635,2026-01-23T00:00:00,2026-01-24 00:00:00.000000 UTC,2026-01-24 10:00:14.147895 UTC
0022500637,2026-01-23T00:00:00,2026-01-24 00:30:00.000000 UTC,2026-01-24 10:00:14.147895 UTC
0022500636,2026-01-23T00:00:00,2026-01-24 00:30:00.000000 UTC,2026-01-24 10:00:14.147895 UTC
0022500638,2026-01-23T00:00:00,2026-01-24 00:30:00.000000 UTC,2026-01-24 10:00:14.147895 UTC
0022500639,2026-01-23T00:00:00,2026-01-24 01:00:00.000000 UTC,2026-01-24 10:00:14.147895 UTC
0022500641,2026-01-23T00:00:00,2026-01-24 01:00:00.000000 UTC,2026-01-24 10:00:14.147895 UTC
0022500640,2026-01-23T00:00:00,2026-01-24 02:30:00.000000 UTC,2026-01-24 10:00:14.147895 UTC
0022500642,2026-01-23T00:00:00,2026-01-24 03:00:00.000000 UTC,2026-01-24 10:00:14.147895 UTC
0022500659,2026-01-26T00:00:00,2026-01-26 18:30:00.000000 UTC,2026-01-27 10:00:14.380309 UTC
0022500657,2026-01-26T00:00:00,2026-01-26 20:00:00.000000 UTC,2026-01-27 10:00:14.380309 UTC
0022500658,2026-01-26T00:00:00,2026-01-27 00:00:00.000000 UTC,2026-01-27 10:00:14.380309 UTC
0022500661,2026-01-26T00:00:00,2026-01-27 01:00:00.000000 UTC,2026-01-27 10:00:14.380309 UTC
0022500662,2026-01-26T00:00:00,2026-01-27 01:00:00.000000 UTC,2026-01-27 10:00:14.380309 UTC
0022500660,2026-01-26T00:00:00,2026-01-27 01:00:00.000000 UTC,2026-01-27 10:00:14.380309 UTC
0022500663,2026-01-26T00:00:00,2026-01-27 02:30:00.000000 UTC,2026-01-27 10:00:14.380309 UTC
0032500006,2026-02-13T00:00:00,2026-02-14 03:35:00.000000 UTC,2026-02-14 10:00:13.246877 UTC
0032500004,2026-02-13T00:00:00,2026-02-14 02:00:00.000000 UTC,2026-02-14 10:00:13.246877 UTC
0032500005,2026-02-13T00:00:00,2026-02-14 02:55:00.000000 UTC,2026-02-14 10:00:13.246877 UTC
0022500789,2026-02-12T00:00:00,2026-02-13 00:30:00.000000 UTC,2026-02-13 10:00:13.915368 UTC
0022500791,2026-02-12T00:00:00,2026-02-13 03:00:00.000000 UTC,2026-02-13 10:00:13.915368 UTC
0022500790,2026-02-12T00:00:00,2026-02-13 02:00:00.000000 UTC,2026-02-13 10:00:13.915368 UTC
0022500776,2026-02-11T00:00:00,2026-02-12 00:00:00.000000 UTC,2026-02-12 10:00:13.140601 UTC
0022500775,2026-02-11T00:00:00,2026-02-12 00:00:00.000000 UTC,2026-02-12 10:00:13.140601 UTC
0022500777,2026-02-11T00:00:00,2026-02-12 00:00:00.000000 UTC,2026-02-12 10:00:13.140601 UTC
0022500781,2026-02-11T00:00:00,2026-02-12 00:30:00.000000 UTC,2026-02-12 10:00:13.140601 UTC
0022500780,2026-02-11T00:00:00,2026-02-12 00:30:00.000000 UTC,2026-02-12 10:00:13.140601 UTC
0022500778,2026-02-11T00:00:00,2026-02-12 00:30:00.000000 UTC,2026-02-12 10:00:13.140601 UTC
0022500779,2026-02-11T00:00:00,2026-02-12 00:30:00.000000 UTC,2026-02-12 10:00:13.140601 UTC
0022500782,2026-02-11T00:00:00,2026-02-12 01:00:00.000000 UTC,2026-02-12 10:00:13.140601 UTC
0022500784,2026-02-11T00:00:00,2026-02-12 01:00:00.000000 UTC,2026-02-12 10:00:13.140601 UTC
0022500783,2026-02-11T00:00:00,2026-02-12 01:00:00.000000 UTC,2026-02-12 10:00:13.140601 UTC
0022500785,2026-02-11T00:00:00,2026-02-12 02:00:00.000000 UTC,2026-02-12 10:00:13.140601 UTC
0022500787,2026-02-11T00:00:00,2026-02-12 02:00:00.000000 UTC,2026-02-12 10:00:13.140601 UTC
0022500786,2026-02-11T00:00:00,2026-02-12 02:00:00.000000 UTC,2026-02-12 10:00:13.140601 UTC
0022500788,2026-02-11T00:00:00,2026-02-12 03:00:00.000000 UTC,2026-02-12 10:00:13.140601 UTC
0032500011,2026-02-15T00:00:00,2026-02-15 22:00:00.000000 UTC,2026-02-16 10:00:13.297357 UTC
0032500031,2026-02-15T00:00:00,2026-02-15 23:25:00.000000 UTC,2026-02-16 10:00:13.297357 UTC
0032500021,2026-02-15T00:00:00,2026-02-15 22:55:00.000000 UTC,2026-02-16 10:00:13.297357 UTC
0032500041,2026-02-15T00:00:00,2026-02-16 00:10:00.000000 UTC,2026-02-16 10:00:13.297357 UTC